Chromosome	Length_Chr	Type	match/match_part_part	Start	End	Length	Score	Strand	Frame	Attribute	Code	Class	TE_Name	TE_Status
chr1	44417728	reswagMa4S_REPET_TEs	match_part	43849613	43849713	100	0.0	+	.	ID=mp131073-1_chr1_DTX-incomp_reswagMde-B-R2276-Map20;Parent=ms131073_chr1_DTX-incomp_reswagMde-B-R2276-Map20;Target=DTX-incomp_reswagMde-B-R2276-Map20 524 613;Identity=79.3	DTX	II	TIR	Unclassified
chr1	44417728	reswagMa4S_REPET_TEs	match_part	43728152	43728320	168	0.0	-	.	ID=mp131074-1_chr1_DTX-incomp_reswagMde-B-R3621-Map9;Parent=ms131074_chr1_DTX-incomp_reswagMde-B-R3621-Map9;Target=DTX-incomp_reswagMde-B-R3621-Map9 3329 3493;Identity=71.5	DTX	II	TIR	Unclassified
chr1	44417728	reswagMa4S_REPET_TEs	match_part	43822961	43823104	143	0.0	+	.	ID=mp131075-1_chr1_DTX-incomp_reswagMde-B-R5137-Map13_reversed;Parent=ms131075_chr1_DTX-incomp_reswagMde-B-R5137-Map13_reversed;Target=DTX-incomp_reswagMde-B-R5137-Map13_reversed 1954 2086;Identity=78.5	DTX	II	TIR	Unclassified
chr1	44417728	reswagMa4S_REPET_TEs	match_part	43854171	43854284	113	0.0	+	.	ID=mp131076-1_chr1_DTX-incomp_reswagMde-B-R5137-Map13_reversed;Parent=ms131076_chr1_DTX-incomp_reswagMde-B-R5137-Map13_reversed;Target=DTX-incomp_reswagMde-B-R5137-Map13_reversed 2813 2911;Identity=81.7	DTX	II	TIR	Unclassified
chr1	44417728	reswagMa4S_REPET_TEs	match_part	43819314	43819425	111	0.0	+	.	ID=mp131077-1_chr1_DTX-incomp_reswagMde-B-R608-Map20;Parent=ms131077_chr1_DTX-incomp_reswagMde-B-R608-Map20;Target=DTX-incomp_reswagMde-B-R608-Map20 224 329;Identity=72.8	DTX	II	TIR	Unclassified
chr1	44417728	reswagMa4S_REPET_TEs	match_part	43834255	43834366	111	0.0	+	.	ID=mp131078-1_chr1_DTX-incomp_reswagMde-B-R608-Map20;Parent=ms131078_chr1_DTX-incomp_reswagMde-B-R608-Map20;Target=DTX-incomp_reswagMde-B-R608-Map20 224 329;Identity=72.8	DTX	II	TIR	Unclassified
chr1	44417728	reswagMa4S_REPET_TEs	match_part	43849921	43850053	132	0.0	+	.	ID=mp131079-1_chr1_DTX-incomp_reswagMde-B-R608-Map20;Parent=ms131079_chr1_DTX-incomp_reswagMde-B-R608-Map20;Target=DTX-incomp_reswagMde-B-R608-Map20 1194 1328;Identity=83.5	DTX	II	TIR	Unclassified
chr1	44417728	reswagMa4S_REPET_TEs	match_part	43771819	43771996	177	0.0	-	.	ID=mp131080-1_chr1_DTX-incomp_reswagMde-B-R6235-Map4;Parent=ms131080_chr1_DTX-incomp_reswagMde-B-R6235-Map4;Target=DTX-incomp_reswagMde-B-R6235-Map4 998 1177;Identity=75.3	DTX	II	TIR	Unclassified
chr1	44417728	reswagMa4S_REPET_TEs	match_part	43772016	43772178	162	0.0	-	.	ID=mp131080-2_chr1_DTX-incomp_reswagMde-B-R6235-Map4;Parent=ms131080_chr1_DTX-incomp_reswagMde-B-R6235-Map4;Target=DTX-incomp_reswagMde-B-R6235-Map4 3 164;Identity=69.7	DTX	II	TIR	Unclassified
chr1	44417728	reswagMa4S_REPET_TEs	match_part	43673605	43673665	60	0.0	-	.	ID=mp131081-1_chr1_DXX-MITE_reswagMde-B-G5785-Map16;Parent=ms131081_chr1_DXX-MITE_reswagMde-B-G5785-Map16;Target=DXX-MITE_reswagMde-B-G5785-Map16 25 85;Identity=80.3	DXX	II	II_Unclassified	Unclassified
chr1	44417728	reswagMa4S_REPET_TEs	match_part	43669822	43669976	154	0.0	-	.	ID=mp131082-1_chr1_DXX-MITE_reswagMde-B-G7379-Map7;Parent=ms131082_chr1_DXX-MITE_reswagMde-B-G7379-Map7;Target=DXX-MITE_reswagMde-B-G7379-Map7 519 696;Identity=77.1	DXX	II	II_Unclassified	Unclassified
chr1	44417728	reswagMa4S_REPET_TEs	match_part	43806004	43806250	246	0.0	+	.	ID=mp131083-1_chr1_DXX-MITE_reswagMde-B-P159.625-Map20;Parent=ms131083_chr1_DXX-MITE_reswagMde-B-P159.625-Map20;Target=DXX-MITE_reswagMde-B-P159.625-Map20 15 266;Identity=83.1	DXX	II	II_Unclassified	Unclassified
chr1	44417728	reswagMa4S_REPET_TEs	match_part	43806713	43806819	106	0.0	+	.	ID=mp131084-1_chr1_DXX-MITE_reswagMde-B-P159.625-Map20;Parent=ms131084_chr1_DXX-MITE_reswagMde-B-P159.625-Map20;Target=DXX-MITE_reswagMde-B-P159.625-Map20 142 256;Identity=85.9	DXX	II	II_Unclassified	Unclassified
chr1	44417728	reswagMa4S_REPET_TEs	match_part	43806820	43807071	251	0.0	+	.	ID=mp131085-1_chr1_DXX-MITE_reswagMde-B-P159.625-Map20;Parent=ms131085_chr1_DXX-MITE_reswagMde-B-P159.625-Map20;Target=DXX-MITE_reswagMde-B-P159.625-Map20 270 528;Identity=92.1	DXX	II	II_Unclassified	Unclassified
chr1	44417728	reswagMa4S_REPET_TEs	match_part	43772881	43772982	101	0.0	+	.	ID=mp131088-1_chr1_DXX-MITE_reswagMde-B-P449.408-Map4;Parent=ms131088_chr1_DXX-MITE_reswagMde-B-P449.408-Map4;Target=DXX-MITE_reswagMde-B-P449.408-Map4 386 491;Identity=71.8	DXX	II	II_Unclassified	Unclassified
chr1	44417728	reswagMa4S_REPET_TEs	match_part	43720807	43721163	356	0.0	-	.	ID=mp131089-1_chr1_DXX_reswagMde-B-R2944-Map3_reversed;Parent=ms131089_chr1_DXX_reswagMde-B-R2944-Map3_reversed;Target=DXX_reswagMde-B-R2944-Map3_reversed 2174 2551;Identity=82.3	DXX	II	II_Unclassified	Unclassified
chr1	44417728	reswagMa4S_REPET_TEs	match_part	43725733	43726077	344	0.0	-	.	ID=mp131090-1_chr1_DXX_reswagMde-B-R2944-Map3_reversed;Parent=ms131090_chr1_DXX_reswagMde-B-R2944-Map3_reversed;Target=DXX_reswagMde-B-R2944-Map3_reversed 2176 2547;Identity=81.6	DXX	II	II_Unclassified	Unclassified
chr1	44417728	reswagMa4S_REPET_TEs	match_part	43726081	43726126	45	0.0	-	.	ID=mp131090-2_chr1_DXX_reswagMde-B-R2944-Map3_reversed;Parent=ms131090_chr1_DXX_reswagMde-B-R2944-Map3_reversed;Target=DXX_reswagMde-B-R2944-Map3_reversed 2061 2117;Identity=87.2	DXX	II	II_Unclassified	Unclassified
chr1	44417728	reswagMa4S_REPET_TEs	match_part	43786859	43786936	77	0.0	+	.	ID=mp131091-1_chr1_DXX_reswagMde-B-R2944-Map3_reversed;Parent=ms131091_chr1_DXX_reswagMde-B-R2944-Map3_reversed;Target=DXX_reswagMde-B-R2944-Map3_reversed 2607 2684;Identity=84.6	DXX	II	II_Unclassified	Unclassified
chr1	44417728	reswagMa4S_REPET_TEs	match_part	43687579	43688332	753	0.0	-	.	ID=mp131092-1_chr1_noCat_reswagMde-B-R4642-Map13;Parent=ms131092_chr1_noCat_reswagMde-B-R4642-Map13;Target=noCat_reswagMde-B-R4642-Map13 3 815;Identity=95.0	noCat	noCat	noCat	noCat
chr1	44417728	reswagMa4S_REPET_TEs	match_part	43805385	43805477	92	0.0	-	.	ID=mp131093-1_chr1_RIX-comp_reswagMde-B-R8001-Map3;Parent=ms131093_chr1_RIX-comp_reswagMde-B-R8001-Map3;Target=RIX-comp_reswagMde-B-R8001-Map3 2813 2896;Identity=82.9	RIX	I	LINE	Unclassified
chr1	44417728	reswagMa4S_REPET_TEs	match_part	43712316	43712759	443	0.0	+	.	ID=mp131094-1_chr1_RLX-incomp_reswagMde-B-G4008-Map7;Parent=ms131094_chr1_RLX-incomp_reswagMde-B-G4008-Map7;Target=RLX-incomp_reswagMde-B-G4008-Map7 507 950;Identity=63.5	RLX	I	LTR	Unclassified
chr1	44417728	reswagMa4S_REPET_TEs	match_part	43718104	43718547	443	0.0	+	.	ID=mp131095-1_chr1_RLX-incomp_reswagMde-B-G4008-Map7;Parent=ms131095_chr1_RLX-incomp_reswagMde-B-G4008-Map7;Target=RLX-incomp_reswagMde-B-G4008-Map7 507 950;Identity=64.3	RLX	I	LTR	Unclassified
chr1	44417728	reswagMa4S_REPET_TEs	match_part	43722027	43722469	442	0.0	+	.	ID=mp131096-1_chr1_RLX-incomp_reswagMde-B-G4008-Map7;Parent=ms131096_chr1_RLX-incomp_reswagMde-B-G4008-Map7;Target=RLX-incomp_reswagMde-B-G4008-Map7 508 950;Identity=65.7	RLX	I	LTR	Unclassified
chr1	44417728	reswagMa4S_REPET_TEs	match_part	43726877	43727493	616	0.0	+	.	ID=mp131097-1_chr1_RLX-incomp_reswagMde-B-G4008-Map7;Parent=ms131097_chr1_RLX-incomp_reswagMde-B-G4008-Map7;Target=RLX-incomp_reswagMde-B-G4008-Map7 337 953;Identity=60.0	RLX	I	LTR	Unclassified
chr1	44417728	reswagMa4S_REPET_TEs	match_part	43670744	43670784	40	0.0	-	.	ID=mp131098-1_chr1_RLX-incomp_reswagMde-B-P562.314-Map5;Parent=ms131098_chr1_RLX-incomp_reswagMde-B-P562.314-Map5;Target=RLX-incomp_reswagMde-B-P562.314-Map5 1248 1294;Identity=90.5	RLX	I	LTR	Unclassified
chr1	44417728	reswagMa4S_REPET_TEs	match_part	43689286	43689413	127	0.0	-	.	ID=mp131099-1_chr1_RLX-incomp_reswagMde-B-R3841-Map3_reversed;Parent=ms131099_chr1_RLX-incomp_reswagMde-B-R3841-Map3_reversed;Target=RLX-incomp_reswagMde-B-R3841-Map3_reversed 78 207;Identity=77.6	RLX	I	LTR	Unclassified
chr1	44417728	reswagMa4S_REPET_TEs	match_part	43739584	43739742	158	0.0	+	.	ID=mp131100-1_chr1_RLX-incomp_reswagMde-B-R3841-Map3_reversed;Parent=ms131100_chr1_RLX-incomp_reswagMde-B-R3841-Map3_reversed;Target=RLX-incomp_reswagMde-B-R3841-Map3_reversed 1018 1164;Identity=79.3	RLX	I	LTR	Unclassified
chr1	44417728	reswagMa4S_REPET_TEs	match_part	43770309	43770343	34	0.0	+	.	ID=mp131101-1_chr1_RLX-incomp_reswagMde-B-R8243-Map7;Parent=ms131101_chr1_RLX-incomp_reswagMde-B-R8243-Map7;Target=RLX-incomp_reswagMde-B-R8243-Map7 6054 6089;Identity=72.9	RLX	I	LTR	Unclassified
chr1	44417728	reswagMa4S_REPET_TEs	match_part	43795272	43795312	40	0.0	-	.	ID=mp131102-1_chr1_RLX-incomp_reswagMde-B-R8243-Map7;Parent=ms131102_chr1_RLX-incomp_reswagMde-B-R8243-Map7;Target=RLX-incomp_reswagMde-B-R8243-Map7 2308 2347;Identity=75.9	RLX	I	LTR	Unclassified
chr1	44417728	reswagMa4S_REPET_TEs	match_part	43709732	43710383	651	0.0	-	.	ID=mp131103-1_chr1_DTX-comp_reswagMde-B-R686-Map20;Parent=ms131103_chr1_DTX-comp_reswagMde-B-R686-Map20;Target=DTX-comp_reswagMde-B-R686-Map20 202 880;Identity=94.1	DTX	II	TIR	Unclassified
chr1	44417728	reswagMa4S_REPET_TEs	match_part	43675504	43675617	113	0.0	+	.	ID=mp131104-1_chr1_DTX-incomp_reswagMde-B-G1416-Map4;Parent=ms131104_chr1_DTX-incomp_reswagMde-B-G1416-Map4;Target=DTX-incomp_reswagMde-B-G1416-Map4 306 413;Identity=77.3	DTX	II	TIR	Unclassified
chr1	44417728	reswagMa4S_REPET_TEs	match_part	43770344	43770818	474	0.0	-	.	ID=mp131106-1_chr1_DTX-incomp_reswagMde-B-G5276-Map4_reversed;Parent=ms131106_chr1_DTX-incomp_reswagMde-B-G5276-Map4_reversed;Target=DTX-incomp_reswagMde-B-G5276-Map4_reversed 9 532;Identity=70.6	DTX	II	TIR	Unclassified
chr1	44417728	reswagMa4S_REPET_TEs	match_part	43716060	43716131	71	0.0	-	.	ID=mp131107-1_chr1_DTX-incomp_reswagMde-B-G6582-Map20;Parent=ms131107_chr1_DTX-incomp_reswagMde-B-G6582-Map20;Target=DTX-incomp_reswagMde-B-G6582-Map20 6 78;Identity=80.8	DTX	II	TIR	Unclassified
chr1	44417728	reswagMa4S_REPET_TEs	match_part	43714661	43714719	58	0.0	+	.	ID=mp131108-1_chr1_DTX-incomp_reswagMde-B-G907-Map7;Parent=ms131108_chr1_DTX-incomp_reswagMde-B-G907-Map7;Target=DTX-incomp_reswagMde-B-G907-Map7 131 185;Identity=87.5	DTX	II	TIR	Unclassified
chr1	44417728	reswagMa4S_REPET_TEs	match_part	43672086	43672134	48	0.0	+	.	ID=mp131109-1_chr1_DTX-incomp_reswagMde-B-P565.311-Map3;Parent=ms131109_chr1_DTX-incomp_reswagMde-B-P565.311-Map3;Target=DTX-incomp_reswagMde-B-P565.311-Map3 617 667;Identity=74.4	DTX	II	TIR	Unclassified
chr1	44417728	reswagMa4S_REPET_TEs	match_part	43665418	43665566	148	0.0	+	.	ID=mp131111-1_chr1_DTX-incomp_reswagMde-B-R1283-Map6;Parent=ms131111_chr1_DTX-incomp_reswagMde-B-R1283-Map6;Target=DTX-incomp_reswagMde-B-R1283-Map6 985 1132;Identity=71.2	DTX	II	TIR	Unclassified
chr1	44417728	reswagMa4S_REPET_TEs	match_part	43805791	43805968	177	0.0	-	.	ID=mp131112-1_chr1_DTX-incomp_reswagMde-B-R1305-Map9_reversed;Parent=ms131112_chr1_DTX-incomp_reswagMde-B-R1305-Map9_reversed;Target=DTX-incomp_reswagMde-B-R1305-Map9_reversed 714 897;Identity=75.1	DTX	II	TIR	Unclassified
chr1	44417728	reswagMa4S_REPET_TEs	match_part	43807103	43807508	405	0.0	-	.	ID=mp131112-2_chr1_DTX-incomp_reswagMde-B-R1305-Map9_reversed;Parent=ms131112_chr1_DTX-incomp_reswagMde-B-R1305-Map9_reversed;Target=DTX-incomp_reswagMde-B-R1305-Map9_reversed 14 423;Identity=76.2	DTX	II	TIR	Unclassified
chr1	44417728	reswagMa4S_REPET_TEs	match_part	43804718	43804776	58	0.0	-	.	ID=mp131116-1_chr1_DTX-incomp_reswagMde-B-R2757-Map5;Parent=ms131116_chr1_DTX-incomp_reswagMde-B-R2757-Map5;Target=DTX-incomp_reswagMde-B-R2757-Map5 927 978;Identity=79.8	DTX	II	TIR	Unclassified
chr1	44417728	reswagMa4S_REPET_TEs	match_part	43716132	43716226	94	0.0	-	.	ID=mp131117-1_chr1_DTX-incomp_reswagMde-B-R4048-Map6;Parent=ms131117_chr1_DTX-incomp_reswagMde-B-R4048-Map6;Target=DTX-incomp_reswagMde-B-R4048-Map6 1217 1299;Identity=72.6	DTX	II	TIR	Unclassified
chr1	44417728	reswagMa4S_REPET_TEs	match_part	43786937	43787218	281	0.0	-	.	ID=mp131119-1_chr1_DTX-incomp_reswagMde-B-R5881-Map4;Parent=ms131119_chr1_DTX-incomp_reswagMde-B-R5881-Map4;Target=DTX-incomp_reswagMde-B-R5881-Map4 768 1055;Identity=86.4	DTX	II	TIR	Unclassified
chr1	44417728	reswagMa4S_REPET_TEs	match_part	43708433	43708690	257	0.0	+	.	ID=mp131121-1_chr1_DXX-MITE_reswagMde-B-G1245-Map6;Parent=ms131121_chr1_DXX-MITE_reswagMde-B-G1245-Map6;Target=DXX-MITE_reswagMde-B-G1245-Map6 706 965;Identity=83.8	DXX	II	II_Unclassified	Unclassified
chr1	44417728	reswagMa4S_REPET_TEs	match_part	43662643	43662721	78	0.0	-	.	ID=mp131122-1_chr1_DXX-MITE_reswagMde-B-G6068-Map15;Parent=ms131122_chr1_DXX-MITE_reswagMde-B-G6068-Map15;Target=DXX-MITE_reswagMde-B-G6068-Map15 338 412;Identity=87.1	DXX	II	II_Unclassified	Unclassified
chr1	44417728	reswagMa4S_REPET_TEs	match_part	43724489	43725223	734	0.0	-	.	ID=mp131123-1_chr1_DXX-MITE_reswagMde-B-G6920-Map20;Parent=ms131123_chr1_DXX-MITE_reswagMde-B-G6920-Map20;Target=DXX-MITE_reswagMde-B-G6920-Map20 8 742;Identity=97.1	DXX	II	II_Unclassified	Unclassified
chr1	44417728	reswagMa4S_REPET_TEs	match_part	43711675	43711808	133	0.0	+	.	ID=mp131124-1_chr1_DXX-MITE_reswagMde-B-P78.683-Map11;Parent=ms131124_chr1_DXX-MITE_reswagMde-B-P78.683-Map11;Target=DXX-MITE_reswagMde-B-P78.683-Map11 9 153;Identity=83.6	DXX	II	II_Unclassified	Unclassified
chr1	44417728	reswagMa4S_REPET_TEs	match_part	43711823	43712043	220	0.0	+	.	ID=mp131124-2_chr1_DXX-MITE_reswagMde-B-P78.683-Map11;Parent=ms131124_chr1_DXX-MITE_reswagMde-B-P78.683-Map11;Target=DXX-MITE_reswagMde-B-P78.683-Map11 365 593;Identity=79.5	DXX	II	II_Unclassified	Unclassified
chr1	44417728	reswagMa4S_REPET_TEs	match_part	43670209	43670453	244	0.0	-	.	ID=mp131125-1_chr1_DXX_reswagMde-B-R4696-Map4;Parent=ms131125_chr1_DXX_reswagMde-B-R4696-Map4;Target=DXX_reswagMde-B-R4696-Map4 308 604;Identity=85.9	DXX	II	II_Unclassified	Unclassified
chr1	44417728	reswagMa4S_REPET_TEs	match_part	43770906	43771181	275	0.0	-	.	ID=mp131126-1_chr1_RIX-incomp_reswagMde-B-G4915-Map3_reversed;Parent=ms131126_chr1_RIX-incomp_reswagMde-B-G4915-Map3_reversed;Target=RIX-incomp_reswagMde-B-G4915-Map3_reversed 117 427;Identity=70.4	RIX	I	LINE	Unclassified
chr1	44417728	reswagMa4S_REPET_TEs	match_part	43811985	43812021	36	0.0	-	.	ID=mp131127-1_chr1_RIX-incomp_reswagMde-B-R2067-Map3_reversed;Parent=ms131127_chr1_RIX-incomp_reswagMde-B-R2067-Map3_reversed;Target=RIX-incomp_reswagMde-B-R2067-Map3_reversed 2015 2055;Identity=97.3	RIX	I	LINE	Unclassified
chr1	44417728	reswagMa4S_REPET_TEs	match_part	43826916	43826952	36	0.0	-	.	ID=mp131128-1_chr1_RIX-incomp_reswagMde-B-R2067-Map3_reversed;Parent=ms131128_chr1_RIX-incomp_reswagMde-B-R2067-Map3_reversed;Target=RIX-incomp_reswagMde-B-R2067-Map3_reversed 2015 2055;Identity=90.0	RIX	I	LINE	Unclassified
chr1	44417728	reswagMa4S_REPET_TEs	match_part	43716227	43716411	184	0.0	-	.	ID=mp131129-1_chr1_RIX-incomp_reswagMde-B-R5073-Map5;Parent=ms131129_chr1_RIX-incomp_reswagMde-B-R5073-Map5;Target=RIX-incomp_reswagMde-B-R5073-Map5 1627 1813;Identity=88.5	RIX	I	LINE	Unclassified
chr1	44417728	reswagMa4S_REPET_TEs	match_part	43822578	43822821	243	0.0	+	.	ID=mp131131-1_chr1_RLX-comp_reswagMde-B-R3640-Map20;Parent=ms131131_chr1_RLX-comp_reswagMde-B-R3640-Map20;Target=RLX-comp_reswagMde-B-R3640-Map20 5274 5520	RLX	I	LTR	Unclassified
chr1	44417728	reswagMa4S_REPET_TEs	match_part	43730775	43731129	354	0.0	+	.	ID=mp131132-1_chr1_RLX-incomp_reswagMde-B-G1914-Map10;Parent=ms131132_chr1_RLX-incomp_reswagMde-B-G1914-Map10;Target=RLX-incomp_reswagMde-B-G1914-Map10 7 388;Identity=85.6	RLX	I	LTR	Unclassified
chr1	44417728	reswagMa4S_REPET_TEs	match_part	43837525	43837774	249	0.0	+	.	ID=mp131134-1_chr1_RLX-incomp_reswagMde-B-R118-Map16;Parent=ms131134_chr1_RLX-incomp_reswagMde-B-R118-Map16;Target=RLX-incomp_reswagMde-B-R118-Map16 5855 6104;Identity=90.1	RLX	I	LTR	Unclassified
chr1	44417728	reswagMa4S_REPET_TEs	match_part	43815489	43815576	87	0.0	+	.	ID=mp131135-1_chr1_RLX-incomp_reswagMde-B-R2997-Map7;Parent=ms131135_chr1_RLX-incomp_reswagMde-B-R2997-Map7;Target=RLX-incomp_reswagMde-B-R2997-Map7 2 76;Identity=82.2	RLX	I	LTR	Unclassified
chr1	44417728	reswagMa4S_REPET_TEs	match_part	43816208	43816250	42	0.0	+	.	ID=mp131136-1_chr1_RLX-incomp_reswagMde-B-R2997-Map7;Parent=ms131136_chr1_RLX-incomp_reswagMde-B-R2997-Map7;Target=RLX-incomp_reswagMde-B-R2997-Map7 47 93;Identity=90.7	RLX	I	LTR	Unclassified
chr1	44417728	reswagMa4S_REPET_TEs	match_part	43816321	43816710	389	0.0	+	.	ID=mp131137-1_chr1_RLX-incomp_reswagMde-B-R2997-Map7;Parent=ms131137_chr1_RLX-incomp_reswagMde-B-R2997-Map7;Target=RLX-incomp_reswagMde-B-R2997-Map7 1111 1503;Identity=95.1	RLX	I	LTR	Unclassified
chr1	44417728	reswagMa4S_REPET_TEs	match_part	43822156	43822192	36	0.0	+	.	ID=mp131138-1_chr1_RLX-incomp_reswagMde-B-R2997-Map7;Parent=ms131138_chr1_RLX-incomp_reswagMde-B-R2997-Map7;Target=RLX-incomp_reswagMde-B-R2997-Map7 47 83;Identity=86.5	RLX	I	LTR	Unclassified
chr1	44417728	reswagMa4S_REPET_TEs	match_part	43822156	43822199	43	0.0	+	.	ID=mp131138-2_chr1_RLX-incomp_reswagMde-B-R2997-Map7;Parent=ms131138_chr1_RLX-incomp_reswagMde-B-R2997-Map7;Target=RLX-incomp_reswagMde-B-R2997-Map7 47 93;Identity=86.4	RLX	I	LTR	Unclassified
chr1	44417728	reswagMa4S_REPET_TEs	match_part	43822278	43822577	299	0.0	+	.	ID=mp131139-1_chr1_RLX-incomp_reswagMde-B-R2997-Map7;Parent=ms131139_chr1_RLX-incomp_reswagMde-B-R2997-Map7;Target=RLX-incomp_reswagMde-B-R2997-Map7 1111 1413;Identity=93.0	RLX	I	LTR	Unclassified
chr1	44417728	reswagMa4S_REPET_TEs	match_part	43830423	43830509	86	0.0	+	.	ID=mp131140-1_chr1_RLX-incomp_reswagMde-B-R2997-Map7;Parent=ms131140_chr1_RLX-incomp_reswagMde-B-R2997-Map7;Target=RLX-incomp_reswagMde-B-R2997-Map7 2 76;Identity=82.2	RLX	I	LTR	Unclassified
chr1	44417728	reswagMa4S_REPET_TEs	match_part	43831143	43831186	43	0.0	+	.	ID=mp131141-1_chr1_RLX-incomp_reswagMde-B-R2997-Map7;Parent=ms131141_chr1_RLX-incomp_reswagMde-B-R2997-Map7;Target=RLX-incomp_reswagMde-B-R2997-Map7 47 93;Identity=88.6	RLX	I	LTR	Unclassified
chr1	44417728	reswagMa4S_REPET_TEs	match_part	43831258	43831647	389	0.0	+	.	ID=mp131142-1_chr1_RLX-incomp_reswagMde-B-R2997-Map7;Parent=ms131142_chr1_RLX-incomp_reswagMde-B-R2997-Map7;Target=RLX-incomp_reswagMde-B-R2997-Map7 1111 1503;Identity=95.1	RLX	I	LTR	Unclassified
chr1	44417728	reswagMa4S_REPET_TEs	match_part	43837104	43837140	36	0.0	+	.	ID=mp131143-1_chr1_RLX-incomp_reswagMde-B-R2997-Map7;Parent=ms131143_chr1_RLX-incomp_reswagMde-B-R2997-Map7;Target=RLX-incomp_reswagMde-B-R2997-Map7 47 83;Identity=86.5	RLX	I	LTR	Unclassified
chr1	44417728	reswagMa4S_REPET_TEs	match_part	43837104	43837147	43	0.0	+	.	ID=mp131143-2_chr1_RLX-incomp_reswagMde-B-R2997-Map7;Parent=ms131143_chr1_RLX-incomp_reswagMde-B-R2997-Map7;Target=RLX-incomp_reswagMde-B-R2997-Map7 47 93;Identity=86.4	RLX	I	LTR	Unclassified
chr1	44417728	reswagMa4S_REPET_TEs	match_part	43837225	43837524	299	0.0	+	.	ID=mp131144-1_chr1_RLX-incomp_reswagMde-B-R2997-Map7;Parent=ms131144_chr1_RLX-incomp_reswagMde-B-R2997-Map7;Target=RLX-incomp_reswagMde-B-R2997-Map7 1111 1413;Identity=93.0	RLX	I	LTR	Unclassified
chr1	44417728	reswagMa4S_REPET_TEs	match_part	43844028	43844414	386	0.0	+	.	ID=mp131145-1_chr1_RLX-incomp_reswagMde-B-R2997-Map7;Parent=ms131145_chr1_RLX-incomp_reswagMde-B-R2997-Map7;Target=RLX-incomp_reswagMde-B-R2997-Map7 1111 1503;Identity=94.1	RLX	I	LTR	Unclassified
chr1	44417728	reswagMa4S_REPET_TEs	match_part	43711579	43711674	95	0.0	-	.	ID=mp131146-1_chr1_RLX-incomp_reswagMde-B-R3542-Map7;Parent=ms131146_chr1_RLX-incomp_reswagMde-B-R3542-Map7;Target=RLX-incomp_reswagMde-B-R3542-Map7 2578 2669;Identity=76.2	RLX	I	LTR	Unclassified
chr1	44417728	reswagMa4S_REPET_TEs	match_part	43715795	43715926	131	0.0	-	.	ID=mp131147-1_chr1_RLX-incomp_reswagMde-B-R5722-Map4;Parent=ms131147_chr1_RLX-incomp_reswagMde-B-R5722-Map4;Target=RLX-incomp_reswagMde-B-R5722-Map4 581 704;Identity=73.7	RLX	I	LTR	Unclassified
chr1	44417728	reswagMa4S_REPET_TEs	match_part	43771182	43771257	75	0.0	-	.	ID=mp131148-1_chr1_RLX-incomp_reswagMde-B-R715-Map4;Parent=ms131148_chr1_RLX-incomp_reswagMde-B-R715-Map4;Target=RLX-incomp_reswagMde-B-R715-Map4 6112 6189;Identity=74.1	RLX	I	LTR	Unclassified
chr1	44417728	reswagMa4S_REPET_TEs	match_part	43699096	43699324	228	0.0	+	.	ID=mp131150-1_chr1_DTX-incomp_reswagMde-B-G7236-Map3;Parent=ms131150_chr1_DTX-incomp_reswagMde-B-G7236-Map3;Target=DTX-incomp_reswagMde-B-G7236-Map3 294 501;Identity=70.4	DTX	II	TIR	Unclassified
chr1	44417728	reswagMa4S_REPET_TEs	match_part	43722609	43722677	68	0.0	-	.	ID=mp131151-1_chr1_DTX-incomp_reswagMde-B-R4670-Map13_reversed;Parent=ms131151_chr1_DTX-incomp_reswagMde-B-R4670-Map13_reversed;Target=DTX-incomp_reswagMde-B-R4670-Map13_reversed 1911 1979;Identity=81.4	DTX	II	TIR	Unclassified
chr1	44417728	reswagMa4S_REPET_TEs	match_part	43746043	43746233	190	0.0	+	.	ID=mp131152-1_chr1_RIX-incomp_reswagMde-B-R9460-Map3;Parent=ms131152_chr1_RIX-incomp_reswagMde-B-R9460-Map3;Target=RIX-incomp_reswagMde-B-R9460-Map3 1433 1619;Identity=70.0	RIX	I	LINE	Unclassified
chr1	44417728	reswagMa4S_REPET_TEs	match_part	43690407	43690441	34	0.0	+	.	ID=mp131155-1_chr1_DTX-comp_reswagMde-B-R521-Map10;Parent=ms131155_chr1_DTX-comp_reswagMde-B-R521-Map10;Target=DTX-comp_reswagMde-B-R521-Map10 1634 1665;Identity=83.4	DTX	II	TIR	Unclassified
chr1	44417728	reswagMa4S_REPET_TEs	match_part	43692064	43692421	357	0.0	+	.	ID=mp131156-1_chr1_DXX-MITE_reswagMde-B-P207.595-Map6;Parent=ms131156_chr1_DXX-MITE_reswagMde-B-P207.595-Map6;Target=DXX-MITE_reswagMde-B-P207.595-Map6 23 411;Identity=64.4	DXX	II	II_Unclassified	Unclassified
chr1	44417728	reswagMa4S_REPET_TEs	match_part	43692780	43692890	110	0.0	+	.	ID=mp131157-1_chr1_RLX-incomp_reswagMde-B-G2343-Map3_reversed;Parent=ms131157_chr1_RLX-incomp_reswagMde-B-G2343-Map3_reversed;Target=RLX-incomp_reswagMde-B-G2343-Map3_reversed 1498 1609;Identity=72.9	RLX	I	LTR	Unclassified
chr1	44417728	reswagMa4S_REPET_TEs	match_part	43706036	43706182	146	0.0	-	.	ID=mp131158-1_chr1_RIX-comp_reswagMde-B-P493.374-Map3_reversed;Parent=ms131158_chr1_RIX-comp_reswagMde-B-P493.374-Map3_reversed;Target=RIX-comp_reswagMde-B-P493.374-Map3_reversed 3179 3324;Identity=74.3	RIX	I	LINE	Unclassified
chr1	44417728	reswagMa4S_REPET_TEs	match_part	43744690	43744875	185	0.0	+	.	ID=mp131160-1_chr1_RIX-incomp_reswagMde-B-R4302-Map3;Parent=ms131160_chr1_RIX-incomp_reswagMde-B-R4302-Map3;Target=RIX-incomp_reswagMde-B-R4302-Map3 1182 1367;Identity=69.3	RIX	I	LINE	Unclassified
chr1	44417728	reswagMa4S_REPET_TEs	match_part	43772256	43772352	96	0.0	-	.	ID=mp131161-1_chr1_DTX-incomp_reswagMde-B-R1044-Map20;Parent=ms131161_chr1_DTX-incomp_reswagMde-B-R1044-Map20;Target=DTX-incomp_reswagMde-B-R1044-Map20 756 859;Identity=80.9	DTX	II	TIR	Unclassified
chr1	44417728	reswagMa4S_REPET_TEs	match_part	43772490	43772586	96	0.0	-	.	ID=mp131162-1_chr1_noCat_reswagMde-B-G776-Map20;Parent=ms131162_chr1_noCat_reswagMde-B-G776-Map20;Target=noCat_reswagMde-B-G776-Map20 21 119;Identity=74.2	noCat	noCat	noCat	noCat
chr1	44417728	reswagMa4S_REPET_TEs	match_part	43777569	43777675	106	0.0	-	.	ID=mp131164-1_chr1_DTX-incomp_reswagMde-B-R614-Map12;Parent=ms131164_chr1_DTX-incomp_reswagMde-B-R614-Map12;Target=DTX-incomp_reswagMde-B-R614-Map12 5029 5135;Identity=71.4	DTX	II	TIR	Unclassified
chr1	44417728	reswagMa4S_REPET_TEs	match_part	43671237	43671264	27	0.0	-	.	ID=mp131165-1_chr1_RLX-incomp_reswagMde-B-R5494-Map3;Parent=ms131165_chr1_RLX-incomp_reswagMde-B-R5494-Map3;Target=RLX-incomp_reswagMde-B-R5494-Map3 692 719;Identity=92.9	RLX	I	LTR	Unclassified
chr1	44417728	reswagMa4S_REPET_TEs	match_part	43709059	43709134	75	0.0	+	.	ID=mp131166-1_chr1_DTX-incomp_reswagMde-B-G1618-Map3;Parent=ms131166_chr1_DTX-incomp_reswagMde-B-G1618-Map3;Target=DTX-incomp_reswagMde-B-G1618-Map3 2 81;Identity=76.9	DTX	II	TIR	Unclassified
chr1	44417728	reswagMa4S_REPET_TEs	match_part	43850974	43851064	90	0.0	-	.	ID=mp131168-1_chr1_DTX-incomp_reswagMde-B-G4627-Map3_reversed;Parent=ms131168_chr1_DTX-incomp_reswagMde-B-G4627-Map3_reversed;Target=DTX-incomp_reswagMde-B-G4627-Map3_reversed 6271 6358;Identity=73.3	DTX	II	TIR	Unclassified
chr1	44417728	reswagMa4S_REPET_TEs	match_part	43507461	43507525	64	0.0	-	.	ID=mp131169-1_chr1_DHX-comp_reswagMde-B-R1049-Map8_reversed;Parent=ms131169_chr1_DHX-comp_reswagMde-B-R1049-Map8_reversed;Target=DHX-comp_reswagMde-B-R1049-Map8_reversed 515 577;Identity=75.7	DHX	II	Helitron	Unclassified
chr1	44417728	reswagMa4S_REPET_TEs	match_part	43512148	43512260	112	0.0	+	.	ID=mp131170-1_chr1_DHX-comp_reswagMde-B-R1049-Map8_reversed;Parent=ms131170_chr1_DHX-comp_reswagMde-B-R1049-Map8_reversed;Target=DHX-comp_reswagMde-B-R1049-Map8_reversed 4382 4491;Identity=78.1	DHX	II	Helitron	Unclassified
chr1	44417728	reswagMa4S_REPET_TEs	match_part	43525498	43525606	108	0.0	+	.	ID=mp131171-1_chr1_DHX-comp_reswagMde-B-R1049-Map8_reversed;Parent=ms131171_chr1_DHX-comp_reswagMde-B-R1049-Map8_reversed;Target=DHX-comp_reswagMde-B-R1049-Map8_reversed 519 623;Identity=77.2	DHX	II	Helitron	Unclassified
chr1	44417728	reswagMa4S_REPET_TEs	match_part	24646462	24646497	35	0.0	+	.	ID=mp158868-1_chr1_DHX-comp_reswagMde-B-R1049-Map8_reversed;Parent=ms158868_chr1_DHX-comp_reswagMde-B-R1049-Map8_reversed;Target=DHX-comp_reswagMde-B-R1049-Map8_reversed 3236 3266;Identity=86.7	DHX	II	Helitron	Unclassified
chr1	44417728	reswagMa4S_REPET_TEs	match_part	43648343	43648394	51	0.0	+	.	ID=mp131175-1_chr1_DHX-comp_reswagMde-B-R1049-Map8_reversed;Parent=ms131175_chr1_DHX-comp_reswagMde-B-R1049-Map8_reversed;Target=DHX-comp_reswagMde-B-R1049-Map8_reversed 502 560;Identity=86.5	DHX	II	Helitron	Unclassified
chr1	44417728	reswagMa4S_REPET_TEs	match_part	43662661	43662769	108	0.0	+	.	ID=mp131177-1_chr1_DHX-comp_reswagMde-B-R1049-Map8_reversed;Parent=ms131177_chr1_DHX-comp_reswagMde-B-R1049-Map8_reversed;Target=DHX-comp_reswagMde-B-R1049-Map8_reversed 4059 4163;Identity=83.3	DHX	II	Helitron	Unclassified
chr1	44417728	reswagMa4S_REPET_TEs	match_part	43561502	43561644	142	0.0	+	.	ID=mp131179-1_chr1_DHX-incomp_reswagMde-B-R8577-Map3;Parent=ms131179_chr1_DHX-incomp_reswagMde-B-R8577-Map3;Target=DHX-incomp_reswagMde-B-R8577-Map3 512 639;Identity=89.8	DHX	II	Helitron	Unclassified
chr1	44417728	reswagMa4S_REPET_TEs	match_part	43596196	43596219	23	0.0	+	.	ID=mp131180-1_chr1_DMX-incomp_reswagMde-B-G320-Map3;Parent=ms131180_chr1_DMX-incomp_reswagMde-B-G320-Map3;Target=DMX-incomp_reswagMde-B-G320-Map3 548 571;Identity=90.5	DMX	II	Maverick	Unclassified
chr1	44417728	reswagMa4S_REPET_TEs	match_part	43508866	43508956	90	0.0	-	.	ID=mp131182-1_chr1_DMX-incomp_reswagMde-B-G4673-Map3;Parent=ms131182_chr1_DMX-incomp_reswagMde-B-G4673-Map3;Target=DMX-incomp_reswagMde-B-G4673-Map3 8200 8274;Identity=82.7	DMX	II	Maverick	Unclassified
chr1	44417728	reswagMa4S_REPET_TEs	match_part	43621756	43621795	39	0.0	+	.	ID=mp131183-1_chr1_DMX-incomp_reswagMde-B-G4673-Map3;Parent=ms131183_chr1_DMX-incomp_reswagMde-B-G4673-Map3;Target=DMX-incomp_reswagMde-B-G4673-Map3 3043 3085;Identity=87.5	DMX	II	Maverick	Unclassified
chr1	44417728	reswagMa4S_REPET_TEs	match_part	43514857	43514923	66	0.0	+	.	ID=mp131186-1_chr1_DMX-incomp_reswagMde-B-R98-Map12;Parent=ms131186_chr1_DMX-incomp_reswagMde-B-R98-Map12;Target=DMX-incomp_reswagMde-B-R98-Map12 8586 8656	DMX	II	Maverick	Unclassified
chr1	44417728	reswagMa4S_REPET_TEs	match_part	43575468	43575704	236	0.0	+	.	ID=mp131187-1_chr1_DTX-comp_reswagMde-B-G3977-Map20_reversed;Parent=ms131187_chr1_DTX-comp_reswagMde-B-G3977-Map20_reversed;Target=DTX-comp_reswagMde-B-G3977-Map20_reversed 555 780	DTX	II	TIR	Unclassified
chr1	44417728	reswagMa4S_REPET_TEs	match_part	43571362	43572082	720	0.0	+	.	ID=mp131188-1_chr1_DTX-comp_reswagMde-B-G7590-Map8_reversed;Parent=ms131188_chr1_DTX-comp_reswagMde-B-G7590-Map8_reversed;Target=DTX-comp_reswagMde-B-G7590-Map8_reversed 28 769;Identity=99.6	DTX	II	TIR	Unclassified
chr1	44417728	reswagMa4S_REPET_TEs	match_part	43663326	43663401	75	0.0	+	.	ID=mp131189-1_chr1_DTX-comp_reswagMde-B-G7590-Map8_reversed;Parent=ms131189_chr1_DTX-comp_reswagMde-B-G7590-Map8_reversed;Target=DTX-comp_reswagMde-B-G7590-Map8_reversed 587 658;Identity=75.0	DTX	II	TIR	Unclassified
chr1	44417728	reswagMa4S_REPET_TEs	match_part	43505470	43505561	91	0.0	-	.	ID=mp131190-1_chr1_DTX-comp_reswagMde-B-R4267-Map5_reversed;Parent=ms131190_chr1_DTX-comp_reswagMde-B-R4267-Map5_reversed;Target=DTX-comp_reswagMde-B-R4267-Map5_reversed 705 795	DTX	II	TIR	Unclassified
chr1	44417728	reswagMa4S_REPET_TEs	match_part	43525624	43525770	146	0.0	-	.	ID=mp131192-1_chr1_DTX-incomp_reswagMde-B-G16-Map20_reversed;Parent=ms131192_chr1_DTX-incomp_reswagMde-B-G16-Map20_reversed;Target=DTX-incomp_reswagMde-B-G16-Map20_reversed 648 811;Identity=77.2	DTX	II	TIR	Unclassified
chr1	44417728	reswagMa4S_REPET_TEs	match_part	43584910	43585015	105	0.0	+	.	ID=mp131193-1_chr1_DTX-incomp_reswagMde-B-G16-Map20_reversed;Parent=ms131193_chr1_DTX-incomp_reswagMde-B-G16-Map20_reversed;Target=DTX-incomp_reswagMde-B-G16-Map20_reversed 384 466;Identity=81.5	DTX	II	TIR	Unclassified
chr1	44417728	reswagMa4S_REPET_TEs	match_part	43493215	43493290	75	0.0	+	.	ID=mp131197-1_chr1_DTX-incomp_reswagMde-B-G2238-Map6;Parent=ms131197_chr1_DTX-incomp_reswagMde-B-G2238-Map6;Target=DTX-incomp_reswagMde-B-G2238-Map6 352 425;Identity=77.3	DTX	II	TIR	Unclassified
chr1	44417728	reswagMa4S_REPET_TEs	match_part	43513099	43513175	76	0.0	+	.	ID=mp131198-1_chr1_DTX-incomp_reswagMde-B-G2238-Map6;Parent=ms131198_chr1_DTX-incomp_reswagMde-B-G2238-Map6;Target=DTX-incomp_reswagMde-B-G2238-Map6 802 873;Identity=76.4	DTX	II	TIR	Unclassified
chr1	44417728	reswagMa4S_REPET_TEs	match_part	43565225	43565282	57	0.0	-	.	ID=mp131199-1_chr1_DTX-incomp_reswagMde-B-G2238-Map6;Parent=ms131199_chr1_DTX-incomp_reswagMde-B-G2238-Map6;Target=DTX-incomp_reswagMde-B-G2238-Map6 444 508;Identity=84.5	DTX	II	TIR	Unclassified
chr1	44417728	reswagMa4S_REPET_TEs	match_part	43484459	43484522	63	0.0	+	.	ID=mp131203-1_chr1_DTX-incomp_reswagMde-B-G4363-Map10;Parent=ms131203_chr1_DTX-incomp_reswagMde-B-G4363-Map10;Target=DTX-incomp_reswagMde-B-G4363-Map10 6272 6334;Identity=78.7	DTX	II	TIR	Unclassified
chr1	44417728	reswagMa4S_REPET_TEs	match_part	43510915	43510986	71	0.0	+	.	ID=mp131215-1_chr1_DTX-incomp_reswagMde-B-G4721-Map9;Parent=ms131215_chr1_DTX-incomp_reswagMde-B-G4721-Map9;Target=DTX-incomp_reswagMde-B-G4721-Map9 5652 5729;Identity=83.3	DTX	II	TIR	Unclassified
chr1	44417728	reswagMa4S_REPET_TEs	match_part	43646846	43646915	69	0.0	+	.	ID=mp131216-1_chr1_DTX-incomp_reswagMde-B-G4721-Map9;Parent=ms131216_chr1_DTX-incomp_reswagMde-B-G4721-Map9;Target=DTX-incomp_reswagMde-B-G4721-Map9 4245 4313;Identity=71.5	DTX	II	TIR	Unclassified
chr1	44417728	reswagMa4S_REPET_TEs	match_part	43646964	43646990	26	0.0	+	.	ID=mp131216-2_chr1_DTX-incomp_reswagMde-B-G4721-Map9;Parent=ms131216_chr1_DTX-incomp_reswagMde-B-G4721-Map9;Target=DTX-incomp_reswagMde-B-G4721-Map9 4361 4386;Identity=71.5	DTX	II	TIR	Unclassified
chr1	44417728	reswagMa4S_REPET_TEs	match_part	43654088	43654145	57	0.0	+	.	ID=mp131217-1_chr1_DTX-incomp_reswagMde-B-P440.417-Map3;Parent=ms131217_chr1_DTX-incomp_reswagMde-B-P440.417-Map3;Target=DTX-incomp_reswagMde-B-P440.417-Map3 386 448;Identity=80.4	DTX	II	TIR	Unclassified
chr1	44417728	reswagMa4S_REPET_TEs	match_part	43559063	43559249	186	0.0	-	.	ID=mp131218-1_chr1_DTX-incomp_reswagMde-B-P685.206-Map3;Parent=ms131218_chr1_DTX-incomp_reswagMde-B-P685.206-Map3;Target=DTX-incomp_reswagMde-B-P685.206-Map3 11711 11896;Identity=75.6	DTX	II	TIR	Unclassified
chr1	44417728	reswagMa4S_REPET_TEs	match_part	43509243	43509284	41	0.0	+	.	ID=mp131219-1_chr1_DTX-incomp_reswagMde-B-R1035-Map7;Parent=ms131219_chr1_DTX-incomp_reswagMde-B-R1035-Map7;Target=DTX-incomp_reswagMde-B-R1035-Map7 1698 1739;Identity=78.6	DTX	II	TIR	Unclassified
chr1	44417728	reswagMa4S_REPET_TEs	match_part	43596283	43596314	31	0.0	-	.	ID=mp131220-1_chr1_DTX-incomp_reswagMde-B-R1035-Map7;Parent=ms131220_chr1_DTX-incomp_reswagMde-B-R1035-Map7;Target=DTX-incomp_reswagMde-B-R1035-Map7 129 155;Identity=93.0	DTX	II	TIR	Unclassified
chr1	44417728	reswagMa4S_REPET_TEs	match_part	43505562	43505816	254	0.0	-	.	ID=mp131221-1_chr1_DTX-incomp_reswagMde-B-R1151-Map4_reversed;Parent=ms131221_chr1_DTX-incomp_reswagMde-B-R1151-Map4_reversed;Target=DTX-incomp_reswagMde-B-R1151-Map4_reversed 436 694;Identity=74.3	DTX	II	TIR	Unclassified
chr1	44417728	reswagMa4S_REPET_TEs	match_part	43572907	43572937	30	0.0	+	.	ID=mp131222-1_chr1_DTX-incomp_reswagMde-B-R1151-Map4_reversed;Parent=ms131222_chr1_DTX-incomp_reswagMde-B-R1151-Map4_reversed;Target=DTX-incomp_reswagMde-B-R1151-Map4_reversed 1074 1104;Identity=78.3	DTX	II	TIR	Unclassified
chr1	44417728	reswagMa4S_REPET_TEs	match_part	43484523	43484613	90	0.0	+	.	ID=mp131223-1_chr1_DTX-incomp_reswagMde-B-R1166-Map9;Parent=ms131223_chr1_DTX-incomp_reswagMde-B-R1166-Map9;Target=DTX-incomp_reswagMde-B-R1166-Map9 538 625;Identity=78.9	DTX	II	TIR	Unclassified
chr1	44417728	reswagMa4S_REPET_TEs	match_part	43494201	43494416	215	0.0	-	.	ID=mp131224-1_chr1_DTX-incomp_reswagMde-B-R1166-Map9;Parent=ms131224_chr1_DTX-incomp_reswagMde-B-R1166-Map9;Target=DTX-incomp_reswagMde-B-R1166-Map9 944 1157;Identity=72.4	DTX	II	TIR	Unclassified
chr1	44417728	reswagMa4S_REPET_TEs	match_part	43494964	43495114	150	0.0	-	.	ID=mp131224-2_chr1_DTX-incomp_reswagMde-B-R1166-Map9;Parent=ms131224_chr1_DTX-incomp_reswagMde-B-R1166-Map9;Target=DTX-incomp_reswagMde-B-R1166-Map9 542 707;Identity=73.5	DTX	II	TIR	Unclassified
chr1	44417728	reswagMa4S_REPET_TEs	match_part	43618460	43618569	109	0.0	+	.	ID=mp131225-1_chr1_DTX-incomp_reswagMde-B-R1166-Map9;Parent=ms131225_chr1_DTX-incomp_reswagMde-B-R1166-Map9;Target=DTX-incomp_reswagMde-B-R1166-Map9 1190 1290;Identity=73.3	DTX	II	TIR	Unclassified
chr1	44417728	reswagMa4S_REPET_TEs	match_part	43605718	43605764	46	0.0	+	.	ID=mp131227-1_chr1_DTX-incomp_reswagMde-B-R1373-Map9;Parent=ms131227_chr1_DTX-incomp_reswagMde-B-R1373-Map9;Target=DTX-incomp_reswagMde-B-R1373-Map9 2818 2861;Identity=81.8	DTX	II	TIR	Unclassified
chr1	44417728	reswagMa4S_REPET_TEs	match_part	43494541	43494710	169	0.0	+	.	ID=mp131228-1_chr1_DTX-incomp_reswagMde-B-R1774-Map11;Parent=ms131228_chr1_DTX-incomp_reswagMde-B-R1774-Map11;Target=DTX-incomp_reswagMde-B-R1774-Map11 74 224;Identity=76.0	DTX	II	TIR	Unclassified
chr1	44417728	reswagMa4S_REPET_TEs	match_part	43508819	43508865	46	0.0	-	.	ID=mp131229-1_chr1_DTX-incomp_reswagMde-B-R1774-Map11;Parent=ms131229_chr1_DTX-incomp_reswagMde-B-R1774-Map11;Target=DTX-incomp_reswagMde-B-R1774-Map11 88 137;Identity=75.0	DTX	II	TIR	Unclassified
chr1	44417728	reswagMa4S_REPET_TEs	match_part	43572711	43572855	144	0.0	+	.	ID=mp131230-1_chr1_DTX-incomp_reswagMde-B-R1774-Map11;Parent=ms131230_chr1_DTX-incomp_reswagMde-B-R1774-Map11;Target=DTX-incomp_reswagMde-B-R1774-Map11 561 710;Identity=79.7	DTX	II	TIR	Unclassified
chr1	44417728	reswagMa4S_REPET_TEs	match_part	43572884	43572906	22	0.0	+	.	ID=mp131230-2_chr1_DTX-incomp_reswagMde-B-R1774-Map11;Parent=ms131230_chr1_DTX-incomp_reswagMde-B-R1774-Map11;Target=DTX-incomp_reswagMde-B-R1774-Map11 740 763;Identity=79.7	DTX	II	TIR	Unclassified
chr1	44417728	reswagMa4S_REPET_TEs	match_part	43558133	43558171	38	0.0	+	.	ID=mp131232-1_chr1_DTX-incomp_reswagMde-B-R2041-Map13;Parent=ms131232_chr1_DTX-incomp_reswagMde-B-R2041-Map13;Target=DTX-incomp_reswagMde-B-R2041-Map13 391 438;Identity=81.7	DTX	II	TIR	Unclassified
chr1	44417728	reswagMa4S_REPET_TEs	match_part	43558137	43558171	34	0.0	+	.	ID=mp131232-2_chr1_DTX-incomp_reswagMde-B-R2041-Map13;Parent=ms131232_chr1_DTX-incomp_reswagMde-B-R2041-Map13;Target=DTX-incomp_reswagMde-B-R2041-Map13 404 438;Identity=85.7	DTX	II	TIR	Unclassified
chr1	44417728	reswagMa4S_REPET_TEs	match_part	43558175	43558371	196	0.0	+	.	ID=mp131233-1_chr1_DTX-incomp_reswagMde-B-R2041-Map13;Parent=ms131233_chr1_DTX-incomp_reswagMde-B-R2041-Map13;Target=DTX-incomp_reswagMde-B-R2041-Map13 2991 3200;Identity=87.3	DTX	II	TIR	Unclassified
chr1	44417728	reswagMa4S_REPET_TEs	match_part	43608029	43608279	250	0.0	+	.	ID=mp131234-1_chr1_DTX-incomp_reswagMde-B-R2041-Map13;Parent=ms131234_chr1_DTX-incomp_reswagMde-B-R2041-Map13;Target=DTX-incomp_reswagMde-B-R2041-Map13 2934 3200;Identity=84.2	DTX	II	TIR	Unclassified
chr1	44417728	reswagMa4S_REPET_TEs	match_part	43476934	43477007	73	0.0	+	.	ID=mp131237-1_chr1_DTX-incomp_reswagMde-B-R2726-Map3;Parent=ms131237_chr1_DTX-incomp_reswagMde-B-R2726-Map3;Target=DTX-incomp_reswagMde-B-R2726-Map3 225 292;Identity=76.5	DTX	II	TIR	Unclassified
chr1	44417728	reswagMa4S_REPET_TEs	match_part	43492628	43492712	84	0.0	+	.	ID=mp131238-1_chr1_DTX-incomp_reswagMde-B-R2726-Map3;Parent=ms131238_chr1_DTX-incomp_reswagMde-B-R2726-Map3;Target=DTX-incomp_reswagMde-B-R2726-Map3 141 217;Identity=77.6	DTX	II	TIR	Unclassified
chr1	44417728	reswagMa4S_REPET_TEs	match_part	43628503	43628596	93	0.0	-	.	ID=mp131239-1_chr1_DTX-incomp_reswagMde-B-R2726-Map3;Parent=ms131239_chr1_DTX-incomp_reswagMde-B-R2726-Map3;Target=DTX-incomp_reswagMde-B-R2726-Map3 222 297;Identity=84.9	DTX	II	TIR	Unclassified
chr1	44417728	reswagMa4S_REPET_TEs	match_part	43485064	43485075	11	0.0	+	.	ID=mp131240-1_chr1_DTX-incomp_reswagMde-B-R2790-Map9_reversed;Parent=ms131240_chr1_DTX-incomp_reswagMde-B-R2790-Map9_reversed;Target=DTX-incomp_reswagMde-B-R2790-Map9_reversed 517 529;Identity=76.3	DTX	II	TIR	Unclassified
chr1	44417728	reswagMa4S_REPET_TEs	match_part	43485109	43485122	13	0.0	+	.	ID=mp131240-2_chr1_DTX-incomp_reswagMde-B-R2790-Map9_reversed;Parent=ms131240_chr1_DTX-incomp_reswagMde-B-R2790-Map9_reversed;Target=DTX-incomp_reswagMde-B-R2790-Map9_reversed 565 579;Identity=76.3	DTX	II	TIR	Unclassified
chr1	44417728	reswagMa4S_REPET_TEs	match_part	43495142	43495171	29	0.0	+	.	ID=mp131241-1_chr1_DTX-incomp_reswagMde-B-R2790-Map9_reversed;Parent=ms131241_chr1_DTX-incomp_reswagMde-B-R2790-Map9_reversed;Target=DTX-incomp_reswagMde-B-R2790-Map9_reversed 184 211;Identity=75.7	DTX	II	TIR	Unclassified
chr1	44417728	reswagMa4S_REPET_TEs	match_part	43508506	43508554	48	0.0	-	.	ID=mp131242-1_chr1_DTX-incomp_reswagMde-B-R2790-Map9_reversed;Parent=ms131242_chr1_DTX-incomp_reswagMde-B-R2790-Map9_reversed;Target=DTX-incomp_reswagMde-B-R2790-Map9_reversed 147 188;Identity=85.7	DTX	II	TIR	Unclassified
chr1	44417728	reswagMa4S_REPET_TEs	match_part	43520649	43520727	78	0.0	+	.	ID=mp131243-1_chr1_DTX-incomp_reswagMde-B-R2790-Map9_reversed;Parent=ms131243_chr1_DTX-incomp_reswagMde-B-R2790-Map9_reversed;Target=DTX-incomp_reswagMde-B-R2790-Map9_reversed 861 938;Identity=76.7	DTX	II	TIR	Unclassified
chr1	44417728	reswagMa4S_REPET_TEs	match_part	43585059	43585081	22	0.0	+	.	ID=mp131248-1_chr1_DTX-incomp_reswagMde-B-R7905-Map6;Parent=ms131248_chr1_DTX-incomp_reswagMde-B-R7905-Map6;Target=DTX-incomp_reswagMde-B-R7905-Map6 70 90;Identity=86.5	DTX	II	TIR	Unclassified
chr1	44417728	reswagMa4S_REPET_TEs	match_part	43605070	43605100	30	0.0	-	.	ID=mp131250-1_chr1_DTX-incomp_reswagMde-B-R836-Map20_reversed;Parent=ms131250_chr1_DTX-incomp_reswagMde-B-R836-Map20_reversed;Target=DTX-incomp_reswagMde-B-R836-Map20_reversed 2977 3008;Identity=78.6	DTX	II	TIR	Unclassified
chr1	44417728	reswagMa4S_REPET_TEs	match_part	43495793	43495887	94	0.0	+	.	ID=mp131251-1_chr1_DTX-incomp_reswagMde-B-R850-Map6;Parent=ms131251_chr1_DTX-incomp_reswagMde-B-R850-Map6;Target=DTX-incomp_reswagMde-B-R850-Map6 898 969;Identity=86.8	DTX	II	TIR	Unclassified
chr1	44417728	reswagMa4S_REPET_TEs	match_part	43571200	43571278	78	0.0	+	.	ID=mp131252-1_chr1_DTX-incomp_reswagMde-B-R850-Map6;Parent=ms131252_chr1_DTX-incomp_reswagMde-B-R850-Map6;Target=DTX-incomp_reswagMde-B-R850-Map6 780 850;Identity=88.7	DTX	II	TIR	Unclassified
chr1	44417728	reswagMa4S_REPET_TEs	match_part	43519660	43519731	71	0.0	-	.	ID=mp131256-1_chr1_DXX-MITE_reswagMde-B-P141.640-Map3;Parent=ms131256_chr1_DXX-MITE_reswagMde-B-P141.640-Map3;Target=DXX-MITE_reswagMde-B-P141.640-Map3 164 237;Identity=77.1	DXX	II	II_Unclassified	Unclassified
chr1	44417728	reswagMa4S_REPET_TEs	match_part	43607854	43607993	139	0.0	+	.	ID=mp131258-1_chr1_DXX-MITE_reswagMde-B-P8.727-Map20;Parent=ms131258_chr1_DXX-MITE_reswagMde-B-P8.727-Map20;Target=DXX-MITE_reswagMde-B-P8.727-Map20 373 510;Identity=70.4	DXX	II	II_Unclassified	Unclassified
chr1	44417728	reswagMa4S_REPET_TEs	match_part	43603966	43604069	103	0.0	-	.	ID=mp131259-1_chr1_DXX-MITE_reswagMde-B-R409-Map5;Parent=ms131259_chr1_DXX-MITE_reswagMde-B-R409-Map5;Target=DXX-MITE_reswagMde-B-R409-Map5 702 819;Identity=76.0	DXX	II	II_Unclassified	Unclassified
chr1	44417728	reswagMa4S_REPET_TEs	match_part	43604043	43604207	164	0.0	-	.	ID=mp131259-2_chr1_DXX-MITE_reswagMde-B-R409-Map5;Parent=ms131259_chr1_DXX-MITE_reswagMde-B-R409-Map5;Target=DXX-MITE_reswagMde-B-R409-Map5 3 164;Identity=75.0	DXX	II	II_Unclassified	Unclassified
chr1	44417728	reswagMa4S_REPET_TEs	match_part	43593207	43593231	24	0.0	+	.	ID=mp131261-1_chr1_DXX_reswagMde-B-R5085-Map5;Parent=ms131261_chr1_DXX_reswagMde-B-R5085-Map5;Target=DXX_reswagMde-B-R5085-Map5 1417 1440;Identity=79.7	DXX	II	II_Unclassified	Unclassified
chr1	44417728	reswagMa4S_REPET_TEs	match_part	43539256	43539360	104	0.0	-	.	ID=mp131262-1_chr1_DXX_reswagMde-B-R7212-Map3_reversed;Parent=ms131262_chr1_DXX_reswagMde-B-R7212-Map3_reversed;Target=DXX_reswagMde-B-R7212-Map3_reversed 261 360;Identity=78.3	DXX	II	II_Unclassified	Unclassified
chr1	44417728	reswagMa4S_REPET_TEs	match_part	43582884	43583020	136	0.0	-	.	ID=mp131263-1_chr1_DXX_reswagMde-B-R7212-Map3_reversed;Parent=ms131263_chr1_DXX_reswagMde-B-R7212-Map3_reversed;Target=DXX_reswagMde-B-R7212-Map3_reversed 193 357;Identity=76.5	DXX	II	II_Unclassified	Unclassified
chr1	44417728	reswagMa4S_REPET_TEs	match_part	43560117	43560429	312	0.0	+	.	ID=mp131265-1_chr1_noCat_reswagMde-B-G603-Map13;Parent=ms131265_chr1_noCat_reswagMde-B-G603-Map13;Target=noCat_reswagMde-B-G603-Map13 6 339;Identity=88.0	noCat	noCat	noCat	noCat
chr1	44417728	reswagMa4S_REPET_TEs	match_part	43560431	43561432	1001	0.0	+	.	ID=mp131265-2_chr1_noCat_reswagMde-B-G603-Map13;Parent=ms131265_chr1_noCat_reswagMde-B-G603-Map13;Target=noCat_reswagMde-B-G603-Map13 561 1512;Identity=90.1	noCat	noCat	noCat	noCat
chr1	44417728	reswagMa4S_REPET_TEs	match_part	43602073	43602238	165	0.0	+	.	ID=mp131266-1_chr1_noCat_reswagMde-B-P133.210-Map20;Parent=ms131266_chr1_noCat_reswagMde-B-P133.210-Map20;Target=noCat_reswagMde-B-P133.210-Map20 684 829;Identity=72.7	noCat	noCat	noCat	noCat
chr1	44417728	reswagMa4S_REPET_TEs	match_part	43618116	43618186	70	0.0	+	.	ID=mp131267-1_chr1_noCat_reswagMde-B-P133.210-Map20;Parent=ms131267_chr1_noCat_reswagMde-B-P133.210-Map20;Target=noCat_reswagMde-B-P133.210-Map20 757 831;Identity=77.5	noCat	noCat	noCat	noCat
chr1	44417728	reswagMa4S_REPET_TEs	match_part	43621027	43621251	224	0.0	+	.	ID=mp131268-1_chr1_noCat_reswagMde-B-P133.210-Map20;Parent=ms131268_chr1_noCat_reswagMde-B-P133.210-Map20;Target=noCat_reswagMde-B-P133.210-Map20 562 779;Identity=72.2	noCat	noCat	noCat	noCat
chr1	44417728	reswagMa4S_REPET_TEs	match_part	43621391	43621467	76	0.0	+	.	ID=mp131268-2_chr1_noCat_reswagMde-B-P133.210-Map20;Parent=ms131268_chr1_noCat_reswagMde-B-P133.210-Map20;Target=noCat_reswagMde-B-P133.210-Map20 782 863;Identity=78.4	noCat	noCat	noCat	noCat
chr1	44417728	reswagMa4S_REPET_TEs	match_part	43529224	43529260	36	0.0	+	.	ID=mp131271-1_chr1_RIX-comp_reswagMde-B-R341-Map20;Parent=ms131271_chr1_RIX-comp_reswagMde-B-R341-Map20;Target=RIX-comp_reswagMde-B-R341-Map20 1543 1579;Identity=66.4	RIX	I	LINE	Unclassified
chr1	44417728	reswagMa4S_REPET_TEs	match_part	43583887	43583955	68	0.0	+	.	ID=mp131272-1_chr1_RIX-incomp_reswagMde-B-G2090-Map3;Parent=ms131272_chr1_RIX-incomp_reswagMde-B-G2090-Map3;Target=RIX-incomp_reswagMde-B-G2090-Map3 969 1043;Identity=90.6	RIX	I	LINE	Unclassified
chr1	44417728	reswagMa4S_REPET_TEs	match_part	43589227	43589304	77	0.0	+	.	ID=mp131273-1_chr1_RIX-incomp_reswagMde-B-G2090-Map3;Parent=ms131273_chr1_RIX-incomp_reswagMde-B-G2090-Map3;Target=RIX-incomp_reswagMde-B-G2090-Map3 985 1049;Identity=89.1	RIX	I	LINE	Unclassified
chr1	44417728	reswagMa4S_REPET_TEs	match_part	43589362	43589455	93	0.0	+	.	ID=mp131273-2_chr1_RIX-incomp_reswagMde-B-G2090-Map3;Parent=ms131273_chr1_RIX-incomp_reswagMde-B-G2090-Map3;Target=RIX-incomp_reswagMde-B-G2090-Map3 1063 1171;Identity=78.8	RIX	I	LINE	Unclassified
chr1	44417728	reswagMa4S_REPET_TEs	match_part	43589500	43589622	122	0.0	+	.	ID=mp131273-3_chr1_RIX-incomp_reswagMde-B-G2090-Map3;Parent=ms131273_chr1_RIX-incomp_reswagMde-B-G2090-Map3;Target=RIX-incomp_reswagMde-B-G2090-Map3 1319 1442;Identity=87.5	RIX	I	LINE	Unclassified
chr1	44417728	reswagMa4S_REPET_TEs	match_part	43591495	43591575	80	0.0	+	.	ID=mp131274-1_chr1_RIX-incomp_reswagMde-B-G2090-Map3;Parent=ms131274_chr1_RIX-incomp_reswagMde-B-G2090-Map3;Target=RIX-incomp_reswagMde-B-G2090-Map3 1013 1115;Identity=89.7	RIX	I	LINE	Unclassified
chr1	44417728	reswagMa4S_REPET_TEs	match_part	43591698	43591811	113	0.0	+	.	ID=mp131274-2_chr1_RIX-incomp_reswagMde-B-G2090-Map3;Parent=ms131274_chr1_RIX-incomp_reswagMde-B-G2090-Map3;Target=RIX-incomp_reswagMde-B-G2090-Map3 1323 1441;Identity=86.8	RIX	I	LINE	Unclassified
chr1	44417728	reswagMa4S_REPET_TEs	match_part	43569657	43569748	91	0.0	-	.	ID=mp131277-1_chr1_RIX-incomp_reswagMde-B-G7296-Map6;Parent=ms131277_chr1_RIX-incomp_reswagMde-B-G7296-Map6;Target=RIX-incomp_reswagMde-B-G7296-Map6 271 363;Identity=72.2	RIX	I	LINE	Unclassified
chr1	44417728	reswagMa4S_REPET_TEs	match_part	43499867	43499917	50	0.0	-	.	ID=mp131278-1_chr1_RIX-incomp_reswagMde-B-R2096-Map4;Parent=ms131278_chr1_RIX-incomp_reswagMde-B-R2096-Map4;Target=RIX-incomp_reswagMde-B-R2096-Map4 1535 1586;Identity=84.6	RIX	I	LINE	Unclassified
chr1	44417728	reswagMa4S_REPET_TEs	match_part	43547015	43547098	83	0.0	+	.	ID=mp131279-1_chr1_RIX-incomp_reswagMde-B-R2096-Map4;Parent=ms131279_chr1_RIX-incomp_reswagMde-B-R2096-Map4;Target=RIX-incomp_reswagMde-B-R2096-Map4 821 900;Identity=74.4	RIX	I	LINE	Unclassified
chr1	44417728	reswagMa4S_REPET_TEs	match_part	43654850	43654914	64	0.0	+	.	ID=mp131281-1_chr1_RIX-incomp_reswagMde-B-R2096-Map4;Parent=ms131281_chr1_RIX-incomp_reswagMde-B-R2096-Map4;Target=RIX-incomp_reswagMde-B-R2096-Map4 1725 1783;Identity=81.9	RIX	I	LINE	Unclassified
chr1	44417728	reswagMa4S_REPET_TEs	match_part	43512382	43512609	227	0.0	-	.	ID=mp131282-1_chr1_RIX-incomp_reswagMde-B-R2544-Map3_reversed;Parent=ms131282_chr1_RIX-incomp_reswagMde-B-R2544-Map3_reversed;Target=RIX-incomp_reswagMde-B-R2544-Map3_reversed 2712 2942;Identity=94.2	RIX	I	LINE	Unclassified
chr1	44417728	reswagMa4S_REPET_TEs	match_part	43552736	43552855	119	0.0	-	.	ID=mp131283-1_chr1_RIX-incomp_reswagMde-B-R2544-Map3_reversed;Parent=ms131283_chr1_RIX-incomp_reswagMde-B-R2544-Map3_reversed;Target=RIX-incomp_reswagMde-B-R2544-Map3_reversed 4287 4400;Identity=79.5	RIX	I	LINE	Unclassified
chr1	44417728	reswagMa4S_REPET_TEs	match_part	43598048	43598323	275	0.0	+	.	ID=mp131284-1_chr1_RIX-incomp_reswagMde-B-R2544-Map3_reversed;Parent=ms131284_chr1_RIX-incomp_reswagMde-B-R2544-Map3_reversed;Target=RIX-incomp_reswagMde-B-R2544-Map3_reversed 6193 6436;Identity=74.8	RIX	I	LINE	Unclassified
chr1	44417728	reswagMa4S_REPET_TEs	match_part	43598367	43598814	447	0.0	+	.	ID=mp131285-1_chr1_RIX-incomp_reswagMde-B-R2544-Map3_reversed;Parent=ms131285_chr1_RIX-incomp_reswagMde-B-R2544-Map3_reversed;Target=RIX-incomp_reswagMde-B-R2544-Map3_reversed 5778 6205;Identity=80.7	RIX	I	LINE	Unclassified
chr1	44417728	reswagMa4S_REPET_TEs	match_part	43499786	43499810	24	0.0	+	.	ID=mp131287-1_chr1_RIX-incomp_reswagMde-B-R3513-Map18;Parent=ms131287_chr1_RIX-incomp_reswagMde-B-R3513-Map18;Target=RIX-incomp_reswagMde-B-R3513-Map18 2137 2159;Identity=86.7	RIX	I	LINE	Unclassified
chr1	44417728	reswagMa4S_REPET_TEs	match_part	43529261	43529559	298	0.0	+	.	ID=mp131291-1_chr1_RIX-incomp_reswagMde-B-R3570-Map3;Parent=ms131291_chr1_RIX-incomp_reswagMde-B-R3570-Map3;Target=RIX-incomp_reswagMde-B-R3570-Map3 280 596;Identity=64.1	RIX	I	LINE	Unclassified
chr1	44417728	reswagMa4S_REPET_TEs	match_part	43507526	43508041	515	0.0	+	.	ID=mp131292-1_chr1_RIX-incomp_reswagMde-B-R3929-Map3;Parent=ms131292_chr1_RIX-incomp_reswagMde-B-R3929-Map3;Target=RIX-incomp_reswagMde-B-R3929-Map3 96 616;Identity=70.0	RIX	I	LINE	Unclassified
chr1	44417728	reswagMa4S_REPET_TEs	match_part	43518870	43519028	158	0.0	+	.	ID=mp131293-1_chr1_RIX-incomp_reswagMde-B-R3929-Map3;Parent=ms131293_chr1_RIX-incomp_reswagMde-B-R3929-Map3;Target=RIX-incomp_reswagMde-B-R3929-Map3 439 599;Identity=65.8	RIX	I	LINE	Unclassified
chr1	44417728	reswagMa4S_REPET_TEs	match_part	43564340	43564718	378	0.0	+	.	ID=mp131294-1_chr1_RIX-incomp_reswagMde-B-R7442-Map4;Parent=ms131294_chr1_RIX-incomp_reswagMde-B-R7442-Map4;Target=RIX-incomp_reswagMde-B-R7442-Map4 6205 6546;Identity=80.6	RIX	I	LINE	Unclassified
chr1	44417728	reswagMa4S_REPET_TEs	match_part	43594332	43594530	198	0.0	+	.	ID=mp131295-1_chr1_RLX-incomp_reswagMde-B-G3733-Map20_reversed;Parent=ms131295_chr1_RLX-incomp_reswagMde-B-G3733-Map20_reversed;Target=RLX-incomp_reswagMde-B-G3733-Map20_reversed 3893 4123;Identity=73.5	RLX	I	LTR	Unclassified
chr1	44417728	reswagMa4S_REPET_TEs	match_part	43585438	43585525	87	0.0	+	.	ID=mp131296-1_chr1_RLX-incomp_reswagMde-B-G4328-Map20_reversed;Parent=ms131296_chr1_RLX-incomp_reswagMde-B-G4328-Map20_reversed;Target=RLX-incomp_reswagMde-B-G4328-Map20_reversed 4759 4852;Identity=77.9	RLX	I	LTR	Unclassified
chr1	44417728	reswagMa4S_REPET_TEs	match_part	43585562	43585676	114	0.0	+	.	ID=mp131296-2_chr1_RLX-incomp_reswagMde-B-G4328-Map20_reversed;Parent=ms131296_chr1_RLX-incomp_reswagMde-B-G4328-Map20_reversed;Target=RLX-incomp_reswagMde-B-G4328-Map20_reversed 4890 5013;Identity=77.9	RLX	I	LTR	Unclassified
chr1	44417728	reswagMa4S_REPET_TEs	match_part	43585403	43585437	34	0.0	+	.	ID=mp131297-1_chr1_RLX-incomp_reswagMde-B-R1629-Map5;Parent=ms131297_chr1_RLX-incomp_reswagMde-B-R1629-Map5;Target=RLX-incomp_reswagMde-B-R1629-Map5 1789 1826;Identity=78.3	RLX	I	LTR	Unclassified
chr1	44417728	reswagMa4S_REPET_TEs	match_part	43561989	43562101	112	0.0	+	.	ID=mp131299-1_chr1_RLX-incomp_reswagMde-B-R1887-Map3;Parent=ms131299_chr1_RLX-incomp_reswagMde-B-R1887-Map3;Target=RLX-incomp_reswagMde-B-R1887-Map3 4018 4126;Identity=79.8	RLX	I	LTR	Unclassified
chr1	44417728	reswagMa4S_REPET_TEs	match_part	43604233	43604300	67	0.0	-	.	ID=mp131301-1_chr1_RLX-incomp_reswagMde-B-R1887-Map3;Parent=ms131301_chr1_RLX-incomp_reswagMde-B-R1887-Map3;Target=RLX-incomp_reswagMde-B-R1887-Map3 4055 4122;Identity=86.9	RLX	I	LTR	Unclassified
chr1	44417728	reswagMa4S_REPET_TEs	match_part	43607702	43607801	99	0.0	+	.	ID=mp131302-1_chr1_RLX-incomp_reswagMde-B-R1887-Map3;Parent=ms131302_chr1_RLX-incomp_reswagMde-B-R1887-Map3;Target=RLX-incomp_reswagMde-B-R1887-Map3 4026 4127;Identity=78.0	RLX	I	LTR	Unclassified
chr1	44417728	reswagMa4S_REPET_TEs	match_part	43579579	43579696	117	0.0	+	.	ID=mp131303-1_chr1_RLX-incomp_reswagMde-B-R2804-Map3_reversed;Parent=ms131303_chr1_RLX-incomp_reswagMde-B-R2804-Map3_reversed;Target=RLX-incomp_reswagMde-B-R2804-Map3_reversed 1021 1144;Identity=79.1	RLX	I	LTR	Unclassified
chr1	44417728	reswagMa4S_REPET_TEs	match_part	43544409	43544433	24	0.0	-	.	ID=mp131304-1_chr1_RLX-incomp_reswagMde-B-R3309-Map5;Parent=ms131304_chr1_RLX-incomp_reswagMde-B-R3309-Map5;Target=RLX-incomp_reswagMde-B-R3309-Map5 4546 4572;Identity=84.7	RLX	I	LTR	Unclassified
chr1	44417728	reswagMa4S_REPET_TEs	match_part	43544760	43544974	214	0.0	-	.	ID=mp131305-1_chr1_RLX-incomp_reswagMde-B-R3309-Map5;Parent=ms131305_chr1_RLX-incomp_reswagMde-B-R3309-Map5;Target=RLX-incomp_reswagMde-B-R3309-Map5 4227 4422;Identity=73.7	RLX	I	LTR	Unclassified
chr1	44417728	reswagMa4S_REPET_TEs	match_part	43583277	43583314	37	0.0	-	.	ID=mp131306-1_chr1_RLX-incomp_reswagMde-B-R3309-Map5;Parent=ms131306_chr1_RLX-incomp_reswagMde-B-R3309-Map5;Target=RLX-incomp_reswagMde-B-R3309-Map5 4603 4638;Identity=79.4	RLX	I	LTR	Unclassified
chr1	44417728	reswagMa4S_REPET_TEs	match_part	43625126	43625292	166	0.0	-	.	ID=mp131307-1_chr1_RLX-incomp_reswagMde-B-R3309-Map5;Parent=ms131307_chr1_RLX-incomp_reswagMde-B-R3309-Map5;Target=RLX-incomp_reswagMde-B-R3309-Map5 4456 4597;Identity=76.3	RLX	I	LTR	Unclassified
chr1	44417728	reswagMa4S_REPET_TEs	match_part	43625268	43625406	138	0.0	-	.	ID=mp131307-2_chr1_RLX-incomp_reswagMde-B-R3309-Map5;Parent=ms131307_chr1_RLX-incomp_reswagMde-B-R3309-Map5;Target=RLX-incomp_reswagMde-B-R3309-Map5 4153 4291;Identity=77.2	RLX	I	LTR	Unclassified
chr1	44417728	reswagMa4S_REPET_TEs	match_part	43650889	43650988	99	0.0	-	.	ID=mp131308-1_chr1_RLX-incomp_reswagMde-B-R3309-Map5;Parent=ms131308_chr1_RLX-incomp_reswagMde-B-R3309-Map5;Target=RLX-incomp_reswagMde-B-R3309-Map5 1720 1817;Identity=66.3	RLX	I	LTR	Unclassified
chr1	44417728	reswagMa4S_REPET_TEs	match_part	43659008	43659069	61	0.0	+	.	ID=mp131309-1_chr1_RLX-incomp_reswagMde-B-R3309-Map5;Parent=ms131309_chr1_RLX-incomp_reswagMde-B-R3309-Map5;Target=RLX-incomp_reswagMde-B-R3309-Map5 4633 4703;Identity=85.5	RLX	I	LTR	Unclassified
chr1	44417728	reswagMa4S_REPET_TEs	match_part	43474134	43474185	51	0.0	-	.	ID=mp131312-1_chr1_RLX-incomp_reswagMde-B-R3334-Map8;Parent=ms131312_chr1_RLX-incomp_reswagMde-B-R3334-Map8;Target=RLX-incomp_reswagMde-B-R3334-Map8 13871 13917;Identity=78.8	RLX	I	LTR	Unclassified
chr1	44417728	reswagMa4S_REPET_TEs	match_part	43474778	43474827	49	0.0	-	.	ID=mp131313-1_chr1_RLX-incomp_reswagMde-B-R3334-Map8;Parent=ms131313_chr1_RLX-incomp_reswagMde-B-R3334-Map8;Target=RLX-incomp_reswagMde-B-R3334-Map8 13898 13949;Identity=85.7	RLX	I	LTR	Unclassified
chr1	44417728	reswagMa4S_REPET_TEs	match_part	43482075	43482136	61	0.0	-	.	ID=mp131314-1_chr1_RLX-incomp_reswagMde-B-R3334-Map8;Parent=ms131314_chr1_RLX-incomp_reswagMde-B-R3334-Map8;Target=RLX-incomp_reswagMde-B-R3334-Map8 12794 12859;Identity=81.7	RLX	I	LTR	Unclassified
chr1	44417728	reswagMa4S_REPET_TEs	match_part	43484048	43484129	81	0.0	-	.	ID=mp131315-1_chr1_RLX-incomp_reswagMde-B-R3334-Map8;Parent=ms131315_chr1_RLX-incomp_reswagMde-B-R3334-Map8;Target=RLX-incomp_reswagMde-B-R3334-Map8 6720 6799;Identity=76.9	RLX	I	LTR	Unclassified
chr1	44417728	reswagMa4S_REPET_TEs	match_part	43626505	43626611	106	0.0	-	.	ID=mp131317-1_chr1_RLX-incomp_reswagMde-B-R3334-Map8;Parent=ms131317_chr1_RLX-incomp_reswagMde-B-R3334-Map8;Target=RLX-incomp_reswagMde-B-R3334-Map8 7012 7124;Identity=73.3	RLX	I	LTR	Unclassified
chr1	44417728	reswagMa4S_REPET_TEs	match_part	43638770	43638826	56	0.0	-	.	ID=mp131318-1_chr1_RLX-incomp_reswagMde-B-R3334-Map8;Parent=ms131318_chr1_RLX-incomp_reswagMde-B-R3334-Map8;Target=RLX-incomp_reswagMde-B-R3334-Map8 10483 10540;Identity=78.6	RLX	I	LTR	Unclassified
chr1	44417728	reswagMa4S_REPET_TEs	match_part	43650051	43650219	168	0.0	-	.	ID=mp131319-1_chr1_RLX-incomp_reswagMde-B-R3334-Map8;Parent=ms131319_chr1_RLX-incomp_reswagMde-B-R3334-Map8;Target=RLX-incomp_reswagMde-B-R3334-Map8 901 1083;Identity=77.4	RLX	I	LTR	Unclassified
chr1	44417728	reswagMa4S_REPET_TEs	match_part	43493097	43493214	117	0.0	-	.	ID=mp131320-1_chr1_RLX-incomp_reswagMde-B-R5759-Map5;Parent=ms131320_chr1_RLX-incomp_reswagMde-B-R5759-Map5;Target=RLX-incomp_reswagMde-B-R5759-Map5 235 352;Identity=74.4	RLX	I	LTR	Unclassified
chr1	44417728	reswagMa4S_REPET_TEs	match_part	43504638	43504685	47	0.0	+	.	ID=mp131321-1_chr1_RLX-incomp_reswagMde-B-R5759-Map5;Parent=ms131321_chr1_RLX-incomp_reswagMde-B-R5759-Map5;Target=RLX-incomp_reswagMde-B-R5759-Map5 271 318;Identity=79.2	RLX	I	LTR	Unclassified
chr1	44417728	reswagMa4S_REPET_TEs	match_part	43513616	43513735	119	0.0	+	.	ID=mp131322-1_chr1_RLX-incomp_reswagMde-B-R5759-Map5;Parent=ms131322_chr1_RLX-incomp_reswagMde-B-R5759-Map5;Target=RLX-incomp_reswagMde-B-R5759-Map5 247 371;Identity=69.2	RLX	I	LTR	Unclassified
chr1	44417728	reswagMa4S_REPET_TEs	match_part	43589759	43590014	255	0.0	+	.	ID=mp131323-1_chr1_RLX-incomp_reswagMde-B-R6193-Map6;Parent=ms131323_chr1_RLX-incomp_reswagMde-B-R6193-Map6;Target=RLX-incomp_reswagMde-B-R6193-Map6 2651 2899;Identity=83.2	RLX	I	LTR	Unclassified
chr1	44417728	reswagMa4S_REPET_TEs	match_part	24551760	24551786	26	0.0	+	.	ID=mp158869-1_chr1_DHX-comp_reswagMde-B-R4386-Map7;Parent=ms158869_chr1_DHX-comp_reswagMde-B-R4386-Map7;Target=DHX-comp_reswagMde-B-R4386-Map7 3598 3625;Identity=85.5	DHX	II	Helitron	Unclassified
chr1	44417728	reswagMa4S_REPET_TEs	match_part	43625407	43625452	45	0.0	+	.	ID=mp131325-1_chr1_RLX-incomp_reswagMde-B-R6569-Map6;Parent=ms131325_chr1_RLX-incomp_reswagMde-B-R6569-Map6;Target=RLX-incomp_reswagMde-B-R6569-Map6 1632 1671;Identity=75.9	RLX	I	LTR	Unclassified
chr1	44417728	reswagMa4S_REPET_TEs	match_part	43591637	43591695	58	0.0	-	.	ID=mp131330-1_chr1_RLX-incomp_reswagMde-B-R9110-Map3_reversed;Parent=ms131330_chr1_RLX-incomp_reswagMde-B-R9110-Map3_reversed;Target=RLX-incomp_reswagMde-B-R9110-Map3_reversed 7505 7573;Identity=78.2	RLX	I	LTR	Unclassified
chr1	44417728	reswagMa4S_REPET_TEs	match_part	43625553	43625616	63	0.0	-	.	ID=mp131331-1_chr1_RLX-incomp_reswagMde-B-R9110-Map3_reversed;Parent=ms131331_chr1_RLX-incomp_reswagMde-B-R9110-Map3_reversed;Target=RLX-incomp_reswagMde-B-R9110-Map3_reversed 91 158;Identity=81.2	RLX	I	LTR	Unclassified
chr1	44417728	reswagMa4S_REPET_TEs	match_part	43651040	43651164	124	0.0	+	.	ID=mp131333-1_chr1_RLX-incomp_reswagMde-B-R9110-Map3_reversed;Parent=ms131333_chr1_RLX-incomp_reswagMde-B-R9110-Map3_reversed;Target=RLX-incomp_reswagMde-B-R9110-Map3_reversed 3288 3403;Identity=81.0	RLX	I	LTR	Unclassified
chr1	44417728	reswagMa4S_REPET_TEs	match_part	43473014	43473161	147	0.0	+	.	ID=mp131334-1_chr1_RLX-incomp_reswagMde-B-R9214-Map5;Parent=ms131334_chr1_RLX-incomp_reswagMde-B-R9214-Map5;Target=RLX-incomp_reswagMde-B-R9214-Map5 3847 3994;Identity=75.0	RLX	I	LTR	Unclassified
chr1	44417728	reswagMa4S_REPET_TEs	match_part	43474025	43474133	108	0.0	-	.	ID=mp131335-1_chr1_RLX-incomp_reswagMde-B-R9214-Map5;Parent=ms131335_chr1_RLX-incomp_reswagMde-B-R9214-Map5;Target=RLX-incomp_reswagMde-B-R9214-Map5 1114 1213;Identity=81.5	RLX	I	LTR	Unclassified
chr1	44417728	reswagMa4S_REPET_TEs	match_part	43542607	43542663	56	0.0	+	.	ID=mp131337-1_chr1_RLX-incomp_reswagMde-B-R9214-Map5;Parent=ms131337_chr1_RLX-incomp_reswagMde-B-R9214-Map5;Target=RLX-incomp_reswagMde-B-R9214-Map5 352 412;Identity=76.8	RLX	I	LTR	Unclassified
chr1	44417728	reswagMa4S_REPET_TEs	match_part	43549381	43549430	49	0.0	-	.	ID=mp131338-1_chr1_RLX-incomp_reswagMde-B-R9214-Map5;Parent=ms131338_chr1_RLX-incomp_reswagMde-B-R9214-Map5;Target=RLX-incomp_reswagMde-B-R9214-Map5 943 987;Identity=84.4	RLX	I	LTR	Unclassified
chr1	44417728	reswagMa4S_REPET_TEs	match_part	43549400	43549430	30	0.0	-	.	ID=mp131338-2_chr1_RLX-incomp_reswagMde-B-R9214-Map5;Parent=ms131338_chr1_RLX-incomp_reswagMde-B-R9214-Map5;Target=RLX-incomp_reswagMde-B-R9214-Map5 939 969;Identity=87.1	RLX	I	LTR	Unclassified
chr1	44417728	reswagMa4S_REPET_TEs	match_part	43549405	43549485	80	0.0	-	.	ID=mp131338-3_chr1_RLX-incomp_reswagMde-B-R9214-Map5;Parent=ms131338_chr1_RLX-incomp_reswagMde-B-R9214-Map5;Target=RLX-incomp_reswagMde-B-R9214-Map5 857 934;Identity=77.6	RLX	I	LTR	Unclassified
chr1	44417728	reswagMa4S_REPET_TEs	match_part	43559900	43559992	92	0.0	-	.	ID=mp131339-1_chr1_RLX-incomp_reswagMde-B-R9214-Map5;Parent=ms131339_chr1_RLX-incomp_reswagMde-B-R9214-Map5;Target=RLX-incomp_reswagMde-B-R9214-Map5 882 970;Identity=83.7	RLX	I	LTR	Unclassified
chr1	44417728	reswagMa4S_REPET_TEs	match_part	43622479	43622512	33	0.0	+	.	ID=mp131340-1_chr1_RLX-incomp_reswagMde-B-R9214-Map5;Parent=ms131340_chr1_RLX-incomp_reswagMde-B-R9214-Map5;Target=RLX-incomp_reswagMde-B-R9214-Map5 363 398;Identity=80.6	RLX	I	LTR	Unclassified
chr1	44417728	reswagMa4S_REPET_TEs	match_part	43622513	43622550	37	0.0	-	.	ID=mp131341-1_chr1_RLX-incomp_reswagMde-B-R9214-Map5;Parent=ms131341_chr1_RLX-incomp_reswagMde-B-R9214-Map5;Target=RLX-incomp_reswagMde-B-R9214-Map5 938 981;Identity=100.0	RLX	I	LTR	Unclassified
chr1	44417728	reswagMa4S_REPET_TEs	match_part	43622520	43622550	30	0.0	-	.	ID=mp131341-2_chr1_RLX-incomp_reswagMde-B-R9214-Map5;Parent=ms131341_chr1_RLX-incomp_reswagMde-B-R9214-Map5;Target=RLX-incomp_reswagMde-B-R9214-Map5 936 966;Identity=100.0	RLX	I	LTR	Unclassified
chr1	44417728	reswagMa4S_REPET_TEs	match_part	43622520	43622550	30	0.0	-	.	ID=mp131341-3_chr1_RLX-incomp_reswagMde-B-R9214-Map5;Parent=ms131341_chr1_RLX-incomp_reswagMde-B-R9214-Map5;Target=RLX-incomp_reswagMde-B-R9214-Map5 934 964;Identity=100.0	RLX	I	LTR	Unclassified
chr1	44417728	reswagMa4S_REPET_TEs	match_part	43622520	43622550	30	0.0	-	.	ID=mp131341-4_chr1_RLX-incomp_reswagMde-B-R9214-Map5;Parent=ms131341_chr1_RLX-incomp_reswagMde-B-R9214-Map5;Target=RLX-incomp_reswagMde-B-R9214-Map5 932 962;Identity=100.0	RLX	I	LTR	Unclassified
chr1	44417728	reswagMa4S_REPET_TEs	match_part	43622520	43622550	30	0.0	-	.	ID=mp131341-5_chr1_RLX-incomp_reswagMde-B-R9214-Map5;Parent=ms131341_chr1_RLX-incomp_reswagMde-B-R9214-Map5;Target=RLX-incomp_reswagMde-B-R9214-Map5 930 960;Identity=100.0	RLX	I	LTR	Unclassified
chr1	44417728	reswagMa4S_REPET_TEs	match_part	43622520	43622550	30	0.0	-	.	ID=mp131341-6_chr1_RLX-incomp_reswagMde-B-R9214-Map5;Parent=ms131341_chr1_RLX-incomp_reswagMde-B-R9214-Map5;Target=RLX-incomp_reswagMde-B-R9214-Map5 928 958;Identity=100.0	RLX	I	LTR	Unclassified
chr1	44417728	reswagMa4S_REPET_TEs	match_part	43622520	43622550	30	0.0	-	.	ID=mp131341-7_chr1_RLX-incomp_reswagMde-B-R9214-Map5;Parent=ms131341_chr1_RLX-incomp_reswagMde-B-R9214-Map5;Target=RLX-incomp_reswagMde-B-R9214-Map5 926 956;Identity=100.0	RLX	I	LTR	Unclassified
chr1	44417728	reswagMa4S_REPET_TEs	match_part	43622520	43622550	30	0.0	-	.	ID=mp131341-8_chr1_RLX-incomp_reswagMde-B-R9214-Map5;Parent=ms131341_chr1_RLX-incomp_reswagMde-B-R9214-Map5;Target=RLX-incomp_reswagMde-B-R9214-Map5 924 954;Identity=100.0	RLX	I	LTR	Unclassified
chr1	44417728	reswagMa4S_REPET_TEs	match_part	43622520	43622550	30	0.0	-	.	ID=mp131341-9_chr1_RLX-incomp_reswagMde-B-R9214-Map5;Parent=ms131341_chr1_RLX-incomp_reswagMde-B-R9214-Map5;Target=RLX-incomp_reswagMde-B-R9214-Map5 922 952;Identity=100.0	RLX	I	LTR	Unclassified
chr1	44417728	reswagMa4S_REPET_TEs	match_part	43622520	43622550	30	0.0	-	.	ID=mp131341-10_chr1_RLX-incomp_reswagMde-B-R9214-Map5;Parent=ms131341_chr1_RLX-incomp_reswagMde-B-R9214-Map5;Target=RLX-incomp_reswagMde-B-R9214-Map5 920 950;Identity=100.0	RLX	I	LTR	Unclassified
chr1	44417728	reswagMa4S_REPET_TEs	match_part	43622520	43622550	30	0.0	-	.	ID=mp131341-11_chr1_RLX-incomp_reswagMde-B-R9214-Map5;Parent=ms131341_chr1_RLX-incomp_reswagMde-B-R9214-Map5;Target=RLX-incomp_reswagMde-B-R9214-Map5 918 948;Identity=100.0	RLX	I	LTR	Unclassified
chr1	44417728	reswagMa4S_REPET_TEs	match_part	43622520	43622550	30	0.0	-	.	ID=mp131341-12_chr1_RLX-incomp_reswagMde-B-R9214-Map5;Parent=ms131341_chr1_RLX-incomp_reswagMde-B-R9214-Map5;Target=RLX-incomp_reswagMde-B-R9214-Map5 916 946;Identity=100.0	RLX	I	LTR	Unclassified
chr1	44417728	reswagMa4S_REPET_TEs	match_part	43622520	43622550	30	0.0	-	.	ID=mp131341-13_chr1_RLX-incomp_reswagMde-B-R9214-Map5;Parent=ms131341_chr1_RLX-incomp_reswagMde-B-R9214-Map5;Target=RLX-incomp_reswagMde-B-R9214-Map5 914 944;Identity=100.0	RLX	I	LTR	Unclassified
chr1	44417728	reswagMa4S_REPET_TEs	match_part	43622520	43622610	90	0.0	-	.	ID=mp131341-14_chr1_RLX-incomp_reswagMde-B-R9214-Map5;Parent=ms131341_chr1_RLX-incomp_reswagMde-B-R9214-Map5;Target=RLX-incomp_reswagMde-B-R9214-Map5 856 942;Identity=75.6	RLX	I	LTR	Unclassified
chr1	44417728	reswagMa4S_REPET_TEs	match_part	43519391	43519409	18	0.0	+	.	ID=mp131343-1_chr1_RLX-incomp_reswagMde-B-R9289-Map6;Parent=ms131343_chr1_RLX-incomp_reswagMde-B-R9289-Map6;Target=RLX-incomp_reswagMde-B-R9289-Map6 1647 1662;Identity=84.1	RLX	I	LTR	Unclassified
chr1	44417728	reswagMa4S_REPET_TEs	match_part	43519442	43519472	30	0.0	+	.	ID=mp131343-2_chr1_RLX-incomp_reswagMde-B-R9289-Map6;Parent=ms131343_chr1_RLX-incomp_reswagMde-B-R9289-Map6;Target=RLX-incomp_reswagMde-B-R9289-Map6 1690 1715;Identity=84.1	RLX	I	LTR	Unclassified
chr1	44417728	reswagMa4S_REPET_TEs	match_part	43632690	43632768	78	0.0	-	.	ID=mp131345-1_chr1_RLX-incomp_reswagMde-B-R9289-Map6;Parent=ms131345_chr1_RLX-incomp_reswagMde-B-R9289-Map6;Target=RLX-incomp_reswagMde-B-R9289-Map6 2182 2260;Identity=79.7	RLX	I	LTR	Unclassified
chr1	44417728	reswagMa4S_REPET_TEs	match_part	43649242	43649343	101	0.0	+	.	ID=mp131346-1_chr1_RLX-incomp_reswagMde-B-R9289-Map6;Parent=ms131346_chr1_RLX-incomp_reswagMde-B-R9289-Map6;Target=RLX-incomp_reswagMde-B-R9289-Map6 4266 4366;Identity=75.2	RLX	I	LTR	Unclassified
chr1	44417728	reswagMa4S_REPET_TEs	match_part	43659947	43660000	53	0.0	+	.	ID=mp131347-1_chr1_RLX-incomp_reswagMde-B-R9289-Map6;Parent=ms131347_chr1_RLX-incomp_reswagMde-B-R9289-Map6;Target=RLX-incomp_reswagMde-B-R9289-Map6 1609 1660;Identity=82.2	RLX	I	LTR	Unclassified
chr1	44417728	reswagMa4S_REPET_TEs	match_part	43540183	43540381	198	0.0	+	.	ID=mp131348-1_chr1_RXX-LARD_reswagMde-B-G4347-Map3;Parent=ms131348_chr1_RXX-LARD_reswagMde-B-G4347-Map3;Target=RXX-LARD_reswagMde-B-G4347-Map3 1309 1500;Identity=81.0	RXX	I	I_Unclassified	Unclassified
chr1	44417728	reswagMa4S_REPET_TEs	match_part	43544434	43544759	325	0.0	-	.	ID=mp131354-1_chr1_RXX-LARD_reswagMde-B-G4694-Map13;Parent=ms131354_chr1_RXX-LARD_reswagMde-B-G4694-Map13;Target=RXX-LARD_reswagMde-B-G4694-Map13 5562 5852;Identity=77.0	RXX	I	I_Unclassified	Unclassified
chr1	44417728	reswagMa4S_REPET_TEs	match_part	43583071	43583152	81	0.0	+	.	ID=mp131355-1_chr1_RXX-LARD_reswagMde-B-G4694-Map13;Parent=ms131355_chr1_RXX-LARD_reswagMde-B-G4694-Map13;Target=RXX-LARD_reswagMde-B-G4694-Map13 5674 5749;Identity=79.2	RXX	I	I_Unclassified	Unclassified
chr1	44417728	reswagMa4S_REPET_TEs	match_part	43583315	43583388	73	0.0	+	.	ID=mp131355-2_chr1_RXX-LARD_reswagMde-B-G4694-Map13;Parent=ms131355_chr1_RXX-LARD_reswagMde-B-G4694-Map13;Target=RXX-LARD_reswagMde-B-G4694-Map13 5902 6002;Identity=81.1	RXX	I	I_Unclassified	Unclassified
chr1	44417728	reswagMa4S_REPET_TEs	match_part	43598324	43598366	42	0.0	+	.	ID=mp131358-1_chr1_RXX-LARD_reswagMde-B-G4694-Map13;Parent=ms131358_chr1_RXX-LARD_reswagMde-B-G4694-Map13;Target=RXX-LARD_reswagMde-B-G4694-Map13 4504 4548;Identity=80.3	RXX	I	I_Unclassified	Unclassified
chr1	44417728	reswagMa4S_REPET_TEs	match_part	43598815	43598874	59	0.0	+	.	ID=mp131358-2_chr1_RXX-LARD_reswagMde-B-G4694-Map13;Parent=ms131358_chr1_RXX-LARD_reswagMde-B-G4694-Map13;Target=RXX-LARD_reswagMde-B-G4694-Map13 4945 5005;Identity=78.0	RXX	I	I_Unclassified	Unclassified
chr1	44417728	reswagMa4S_REPET_TEs	match_part	43585297	43585402	105	0.0	+	.	ID=mp131359-1_chr1_RXX-LARD_reswagMde-B-R6599-Map10;Parent=ms131359_chr1_RXX-LARD_reswagMde-B-R6599-Map10;Target=RXX-LARD_reswagMde-B-R6599-Map10 2794 2892;Identity=82.3	RXX	I	I_Unclassified	Unclassified
chr1	44417728	reswagMa4S_REPET_TEs	match_part	43594222	43594331	109	0.0	+	.	ID=mp131360-1_chr1_RXX-LARD_reswagMde-B-R6599-Map10;Parent=ms131360_chr1_RXX-LARD_reswagMde-B-R6599-Map10;Target=RXX-LARD_reswagMde-B-R6599-Map10 2790 2890;Identity=77.5	RXX	I	I_Unclassified	Unclassified
chr1	44417728	reswagMa4S_REPET_TEs	match_part	43663649	43663735	86	0.0	+	.	ID=mp131361-1_chr1_RXX-LARD_reswagMde-B-R6599-Map10;Parent=ms131361_chr1_RXX-LARD_reswagMde-B-R6599-Map10;Target=RXX-LARD_reswagMde-B-R6599-Map10 2805 2879;Identity=79.7	RXX	I	I_Unclassified	Unclassified
chr1	44417728	reswagMa4S_REPET_TEs	match_part	43549343	43549380	37	0.0	-	.	ID=mp131364-1_chr1_RXX-TRIM_reswagMde-B-G4417-Map4;Parent=ms131364_chr1_RXX-TRIM_reswagMde-B-G4417-Map4;Target=RXX-TRIM_reswagMde-B-G4417-Map4 3015 3057;Identity=84.8	RXX	I	I_Unclassified	Unclassified
chr1	44417728	reswagMa4S_REPET_TEs	match_part	43497378	43497413	35	0.0	+	.	ID=mp131366-1_chr1_RXX-TRIM_reswagMde-B-R831-Map6;Parent=ms131366_chr1_RXX-TRIM_reswagMde-B-R831-Map6;Target=RXX-TRIM_reswagMde-B-R831-Map6 293 328;Identity=83.3	RXX	I	I_Unclassified	Unclassified
chr1	44417728	reswagMa4S_REPET_TEs	match_part	43624174	43624274	100	0.0	+	.	ID=mp131367-1_chr1_RXX_reswagMde-B-R2874-Map6;Parent=ms131367_chr1_RXX_reswagMde-B-R2874-Map6;Target=RXX_reswagMde-B-R2874-Map6 17 124;Identity=83.0	RXX	I	I_Unclassified	Unclassified
chr1	44417728	reswagMa4S_REPET_TEs	match_part	43624275	43624711	436	0.0	+	.	ID=mp131368-1_chr1_RXX_reswagMde-B-R2874-Map6;Parent=ms131368_chr1_RXX_reswagMde-B-R2874-Map6;Target=RXX_reswagMde-B-R2874-Map6 209 645;Identity=91.3	RXX	I	I_Unclassified	Unclassified
chr1	44417728	reswagMa4S_REPET_TEs	match_part	43657983	43658042	59	0.0	+	.	ID=mp131369-1_chr1_RXX_reswagMde-B-R2874-Map6;Parent=ms131369_chr1_RXX_reswagMde-B-R2874-Map6;Target=RXX_reswagMde-B-R2874-Map6 900 959;Identity=80.7	RXX	I	I_Unclassified	Unclassified
chr1	44417728	reswagMa4S_REPET_TEs	match_part	43495172	43495441	269	0.0	+	.	ID=mp131370-1_chr1_DHX-comp_reswagMde-B-R9100-Map3;Parent=ms131370_chr1_DHX-comp_reswagMde-B-R9100-Map3;Target=DHX-comp_reswagMde-B-R9100-Map3 1961 2264;Identity=78.1	DHX	II	Helitron	Unclassified
chr1	44417728	reswagMa4S_REPET_TEs	match_part	43495436	43495473	37	0.0	+	.	ID=mp131370-2_chr1_DHX-comp_reswagMde-B-R9100-Map3;Parent=ms131370_chr1_DHX-comp_reswagMde-B-R9100-Map3;Target=DHX-comp_reswagMde-B-R9100-Map3 2522 2559;Identity=92.1	DHX	II	Helitron	Unclassified
chr1	44417728	reswagMa4S_REPET_TEs	match_part	43495438	43495475	37	0.0	+	.	ID=mp131370-3_chr1_DHX-comp_reswagMde-B-R9100-Map3;Parent=ms131370_chr1_DHX-comp_reswagMde-B-R9100-Map3;Target=DHX-comp_reswagMde-B-R9100-Map3 2522 2559;Identity=92.1	DHX	II	Helitron	Unclassified
chr1	44417728	reswagMa4S_REPET_TEs	match_part	43495440	43495477	37	0.0	+	.	ID=mp131370-4_chr1_DHX-comp_reswagMde-B-R9100-Map3;Parent=ms131370_chr1_DHX-comp_reswagMde-B-R9100-Map3;Target=DHX-comp_reswagMde-B-R9100-Map3 2522 2559;Identity=92.1	DHX	II	Helitron	Unclassified
chr1	44417728	reswagMa4S_REPET_TEs	match_part	43495442	43495479	37	0.0	+	.	ID=mp131370-5_chr1_DHX-comp_reswagMde-B-R9100-Map3;Parent=ms131370_chr1_DHX-comp_reswagMde-B-R9100-Map3;Target=DHX-comp_reswagMde-B-R9100-Map3 2522 2559;Identity=92.1	DHX	II	Helitron	Unclassified
chr1	44417728	reswagMa4S_REPET_TEs	match_part	43495444	43495481	37	0.0	+	.	ID=mp131370-6_chr1_DHX-comp_reswagMde-B-R9100-Map3;Parent=ms131370_chr1_DHX-comp_reswagMde-B-R9100-Map3;Target=DHX-comp_reswagMde-B-R9100-Map3 2522 2559;Identity=92.1	DHX	II	Helitron	Unclassified
chr1	44417728	reswagMa4S_REPET_TEs	match_part	43495446	43495483	37	0.0	+	.	ID=mp131370-7_chr1_DHX-comp_reswagMde-B-R9100-Map3;Parent=ms131370_chr1_DHX-comp_reswagMde-B-R9100-Map3;Target=DHX-comp_reswagMde-B-R9100-Map3 2522 2559;Identity=92.1	DHX	II	Helitron	Unclassified
chr1	44417728	reswagMa4S_REPET_TEs	match_part	43495448	43495485	37	0.0	+	.	ID=mp131370-8_chr1_DHX-comp_reswagMde-B-R9100-Map3;Parent=ms131370_chr1_DHX-comp_reswagMde-B-R9100-Map3;Target=DHX-comp_reswagMde-B-R9100-Map3 2522 2559;Identity=92.1	DHX	II	Helitron	Unclassified
chr1	44417728	reswagMa4S_REPET_TEs	match_part	43495450	43495487	37	0.0	+	.	ID=mp131370-9_chr1_DHX-comp_reswagMde-B-R9100-Map3;Parent=ms131370_chr1_DHX-comp_reswagMde-B-R9100-Map3;Target=DHX-comp_reswagMde-B-R9100-Map3 2522 2559;Identity=92.1	DHX	II	Helitron	Unclassified
chr1	44417728	reswagMa4S_REPET_TEs	match_part	43495452	43495489	37	0.0	+	.	ID=mp131370-10_chr1_DHX-comp_reswagMde-B-R9100-Map3;Parent=ms131370_chr1_DHX-comp_reswagMde-B-R9100-Map3;Target=DHX-comp_reswagMde-B-R9100-Map3 2522 2559;Identity=92.1	DHX	II	Helitron	Unclassified
chr1	44417728	reswagMa4S_REPET_TEs	match_part	43495454	43495491	37	0.0	+	.	ID=mp131370-11_chr1_DHX-comp_reswagMde-B-R9100-Map3;Parent=ms131370_chr1_DHX-comp_reswagMde-B-R9100-Map3;Target=DHX-comp_reswagMde-B-R9100-Map3 2522 2559;Identity=92.1	DHX	II	Helitron	Unclassified
chr1	44417728	reswagMa4S_REPET_TEs	match_part	43495456	43495493	37	0.0	+	.	ID=mp131370-12_chr1_DHX-comp_reswagMde-B-R9100-Map3;Parent=ms131370_chr1_DHX-comp_reswagMde-B-R9100-Map3;Target=DHX-comp_reswagMde-B-R9100-Map3 2522 2559;Identity=92.1	DHX	II	Helitron	Unclassified
chr1	44417728	reswagMa4S_REPET_TEs	match_part	43495458	43495495	37	0.0	+	.	ID=mp131370-13_chr1_DHX-comp_reswagMde-B-R9100-Map3;Parent=ms131370_chr1_DHX-comp_reswagMde-B-R9100-Map3;Target=DHX-comp_reswagMde-B-R9100-Map3 2522 2559;Identity=92.1	DHX	II	Helitron	Unclassified
chr1	44417728	reswagMa4S_REPET_TEs	match_part	43495460	43495497	37	0.0	+	.	ID=mp131370-14_chr1_DHX-comp_reswagMde-B-R9100-Map3;Parent=ms131370_chr1_DHX-comp_reswagMde-B-R9100-Map3;Target=DHX-comp_reswagMde-B-R9100-Map3 2522 2559;Identity=92.1	DHX	II	Helitron	Unclassified
chr1	44417728	reswagMa4S_REPET_TEs	match_part	43495462	43495499	37	0.0	+	.	ID=mp131370-15_chr1_DHX-comp_reswagMde-B-R9100-Map3;Parent=ms131370_chr1_DHX-comp_reswagMde-B-R9100-Map3;Target=DHX-comp_reswagMde-B-R9100-Map3 2522 2559;Identity=92.1	DHX	II	Helitron	Unclassified
chr1	44417728	reswagMa4S_REPET_TEs	match_part	43495966	43496089	123	0.0	+	.	ID=mp131372-1_chr1_DHX-comp_reswagMde-B-R9100-Map3;Parent=ms131372_chr1_DHX-comp_reswagMde-B-R9100-Map3;Target=DHX-comp_reswagMde-B-R9100-Map3 2864 2988;Identity=77.6	DHX	II	Helitron	Unclassified
chr1	44417728	reswagMa4S_REPET_TEs	match_part	43497863	43497907	44	0.0	+	.	ID=mp131373-1_chr1_DHX-comp_reswagMde-B-R9100-Map3;Parent=ms131373_chr1_DHX-comp_reswagMde-B-R9100-Map3;Target=DHX-comp_reswagMde-B-R9100-Map3 2761 2802;Identity=85.7	DHX	II	Helitron	Unclassified
chr1	44417728	reswagMa4S_REPET_TEs	match_part	43509598	43509666	68	0.0	-	.	ID=mp131374-1_chr1_DTX-comp_reswagMde-B-G4247-Map16_reversed;Parent=ms131374_chr1_DTX-comp_reswagMde-B-G4247-Map16_reversed;Target=DTX-comp_reswagMde-B-G4247-Map16_reversed 3072 3136;Identity=88.3	DTX	II	TIR	Unclassified
chr1	44417728	reswagMa4S_REPET_TEs	match_part	43494711	43494929	218	0.0	-	.	ID=mp131375-1_chr1_DTX-incomp_reswagMde-B-G1359-Map15;Parent=ms131375_chr1_DTX-incomp_reswagMde-B-G1359-Map15;Target=DTX-incomp_reswagMde-B-G1359-Map15 740 983;Identity=81.3	DTX	II	TIR	Unclassified
chr1	44417728	reswagMa4S_REPET_TEs	match_part	43494917	43494963	46	0.0	-	.	ID=mp131375-2_chr1_DTX-incomp_reswagMde-B-G1359-Map15;Parent=ms131375_chr1_DTX-incomp_reswagMde-B-G1359-Map15;Target=DTX-incomp_reswagMde-B-G1359-Map15 522 570;Identity=80.9	DTX	II	TIR	Unclassified
chr1	44417728	reswagMa4S_REPET_TEs	match_part	43496105	43496237	132	0.0	-	.	ID=mp131376-1_chr1_DTX-incomp_reswagMde-B-G1359-Map15;Parent=ms131376_chr1_DTX-incomp_reswagMde-B-G1359-Map15;Target=DTX-incomp_reswagMde-B-G1359-Map15 137 267;Identity=85.9	DTX	II	TIR	Unclassified
chr1	44417728	reswagMa4S_REPET_TEs	match_part	43519957	43520007	50	0.0	+	.	ID=mp131377-1_chr1_DTX-incomp_reswagMde-B-G3012-Map7_reversed;Parent=ms131377_chr1_DTX-incomp_reswagMde-B-G3012-Map7_reversed;Target=DTX-incomp_reswagMde-B-G3012-Map7_reversed 949 997;Identity=85.4	DTX	II	TIR	Unclassified
chr1	44417728	reswagMa4S_REPET_TEs	match_part	43479743	43480483	740	0.0	-	.	ID=mp131378-1_chr1_DTX-incomp_reswagMde-B-G662-Map20;Parent=ms131378_chr1_DTX-incomp_reswagMde-B-G662-Map20;Target=DTX-incomp_reswagMde-B-G662-Map20 183 972;Identity=94.1	DTX	II	TIR	Unclassified
chr1	44417728	reswagMa4S_REPET_TEs	match_part	43481034	43481119	85	0.0	-	.	ID=mp131378-2_chr1_DTX-incomp_reswagMde-B-G662-Map20;Parent=ms131378_chr1_DTX-incomp_reswagMde-B-G662-Map20;Target=DTX-incomp_reswagMde-B-G662-Map20 4 89;Identity=96.5	DTX	II	TIR	Unclassified
chr1	44417728	reswagMa4S_REPET_TEs	match_part	43581106	43581245	139	0.0	+	.	ID=mp131380-1_chr1_DTX-incomp_reswagMde-B-P266.554-Map3;Parent=ms131380_chr1_DTX-incomp_reswagMde-B-P266.554-Map3;Target=DTX-incomp_reswagMde-B-P266.554-Map3 5 143;Identity=94.9	DTX	II	TIR	Unclassified
chr1	44417728	reswagMa4S_REPET_TEs	match_part	43581217	43581316	99	0.0	+	.	ID=mp131380-2_chr1_DTX-incomp_reswagMde-B-P266.554-Map3;Parent=ms131380_chr1_DTX-incomp_reswagMde-B-P266.554-Map3;Target=DTX-incomp_reswagMde-B-P266.554-Map3 900 1001;Identity=81.0	DTX	II	TIR	Unclassified
chr1	44417728	reswagMa4S_REPET_TEs	match_part	43608563	43609021	458	0.0	+	.	ID=mp131381-1_chr1_DTX-incomp_reswagMde-B-P37.707-Map4;Parent=ms131381_chr1_DTX-incomp_reswagMde-B-P37.707-Map4;Target=DTX-incomp_reswagMde-B-P37.707-Map4 410 877;Identity=77.9	DTX	II	TIR	Unclassified
chr1	44417728	reswagMa4S_REPET_TEs	match_part	43620367	43620441	74	0.0	+	.	ID=mp131382-1_chr1_DTX-incomp_reswagMde-B-P482.382-Map3;Parent=ms131382_chr1_DTX-incomp_reswagMde-B-P482.382-Map3;Target=DTX-incomp_reswagMde-B-P482.382-Map3 307 388;Identity=85.5	DTX	II	TIR	Unclassified
chr1	44417728	reswagMa4S_REPET_TEs	match_part	43575705	43575889	184	0.0	+	.	ID=mp131383-1_chr1_DTX-incomp_reswagMde-B-P799.96-Map3;Parent=ms131383_chr1_DTX-incomp_reswagMde-B-P799.96-Map3;Target=DTX-incomp_reswagMde-B-P799.96-Map3 2081 2235;Identity=80.4	DTX	II	TIR	Unclassified
chr1	44417728	reswagMa4S_REPET_TEs	match_part	43593902	43593938	36	0.0	+	.	ID=mp131384-1_chr1_DTX-incomp_reswagMde-B-R110-Map5;Parent=ms131384_chr1_DTX-incomp_reswagMde-B-R110-Map5;Target=DTX-incomp_reswagMde-B-R110-Map5 576 612;Identity=86.5	DTX	II	TIR	Unclassified
chr1	44417728	reswagMa4S_REPET_TEs	match_part	43496271	43496471	200	0.0	+	.	ID=mp131385-1_chr1_DTX-incomp_reswagMde-B-R3243-Map6;Parent=ms131385_chr1_DTX-incomp_reswagMde-B-R3243-Map6;Target=DTX-incomp_reswagMde-B-R3243-Map6 2 199;Identity=90.4	DTX	II	TIR	Unclassified
chr1	44417728	reswagMa4S_REPET_TEs	match_part	43496966	43497367	401	0.0	+	.	ID=mp131385-2_chr1_DTX-incomp_reswagMde-B-R3243-Map6;Parent=ms131385_chr1_DTX-incomp_reswagMde-B-R3243-Map6;Target=DTX-incomp_reswagMde-B-R3243-Map6 798 1197;Identity=92.2	DTX	II	TIR	Unclassified
chr1	44417728	reswagMa4S_REPET_TEs	match_part	43608281	43608562	281	0.0	+	.	ID=mp131388-1_chr1_DTX-incomp_reswagMde-B-R4876-Map4_reversed;Parent=ms131388_chr1_DTX-incomp_reswagMde-B-R4876-Map4_reversed;Target=DTX-incomp_reswagMde-B-R4876-Map4_reversed 1 260;Identity=84.6	DTX	II	TIR	Unclassified
chr1	44417728	reswagMa4S_REPET_TEs	match_part	43612661	43616129	3468	0.0	+	.	ID=mp131389-1_chr1_DTX-incomp_reswagMde-B-R4876-Map4_reversed;Parent=ms131389_chr1_DTX-incomp_reswagMde-B-R4876-Map4_reversed;Target=DTX-incomp_reswagMde-B-R4876-Map4_reversed 235 3761;Identity=95.4	DTX	II	TIR	Unclassified
chr1	44417728	reswagMa4S_REPET_TEs	match_part	43607105	43607314	209	0.0	+	.	ID=mp131390-1_chr1_DTX-incomp_reswagMde-B-R4961-Map3;Parent=ms131390_chr1_DTX-incomp_reswagMde-B-R4961-Map3;Target=DTX-incomp_reswagMde-B-R4961-Map3 14 203;Identity=83.9	DTX	II	TIR	Unclassified
chr1	44417728	reswagMa4S_REPET_TEs	match_part	43609034	43609474	440	0.0	-	.	ID=mp131391-1_chr1_DTX-incomp_reswagMde-B-R5137-Map13_reversed;Parent=ms131391_chr1_DTX-incomp_reswagMde-B-R5137-Map13_reversed;Target=DTX-incomp_reswagMde-B-R5137-Map13_reversed 3541 4012;Identity=86.6	DTX	II	TIR	Unclassified
chr1	44417728	reswagMa4S_REPET_TEs	match_part	43609472	43612485	3013	0.0	-	.	ID=mp131391-2_chr1_DTX-incomp_reswagMde-B-R5137-Map13_reversed;Parent=ms131391_chr1_DTX-incomp_reswagMde-B-R5137-Map13_reversed;Target=DTX-incomp_reswagMde-B-R5137-Map13_reversed 189 3291;Identity=95.7	DTX	II	TIR	Unclassified
chr1	44417728	reswagMa4S_REPET_TEs	match_part	43580359	43580504	145	0.0	-	.	ID=mp131392-1_chr1_DTX-incomp_reswagMde-B-R608-Map20;Parent=ms131392_chr1_DTX-incomp_reswagMde-B-R608-Map20;Target=DTX-incomp_reswagMde-B-R608-Map20 1193 1332;Identity=94.3	DTX	II	TIR	Unclassified
chr1	44417728	reswagMa4S_REPET_TEs	match_part	43580490	43580581	91	0.0	-	.	ID=mp131392-2_chr1_DTX-incomp_reswagMde-B-R608-Map20;Parent=ms131392_chr1_DTX-incomp_reswagMde-B-R608-Map20;Target=DTX-incomp_reswagMde-B-R608-Map20 111 204;Identity=90.2	DTX	II	TIR	Unclassified
chr1	44417728	reswagMa4S_REPET_TEs	match_part	43581791	43581936	145	0.0	-	.	ID=mp131393-1_chr1_DTX-incomp_reswagMde-B-R608-Map20;Parent=ms131393_chr1_DTX-incomp_reswagMde-B-R608-Map20;Target=DTX-incomp_reswagMde-B-R608-Map20 1193 1332;Identity=95.0	DTX	II	TIR	Unclassified
chr1	44417728	reswagMa4S_REPET_TEs	match_part	43581922	43582122	200	0.0	-	.	ID=mp131393-2_chr1_DTX-incomp_reswagMde-B-R608-Map20;Parent=ms131393_chr1_DTX-incomp_reswagMde-B-R608-Map20;Target=DTX-incomp_reswagMde-B-R608-Map20 8 204;Identity=87.8	DTX	II	TIR	Unclassified
chr1	44417728	reswagMa4S_REPET_TEs	match_part	43607083	43607104	21	0.0	-	.	ID=mp131395-1_chr1_DXX-MITE_reswagMde-B-P159.625-Map20;Parent=ms131395_chr1_DXX-MITE_reswagMde-B-P159.625-Map20;Target=DXX-MITE_reswagMde-B-P159.625-Map20 519 538;Identity=79.8	DXX	II	II_Unclassified	Unclassified
chr1	44417728	reswagMa4S_REPET_TEs	match_part	43496472	43496543	71	0.0	-	.	ID=mp131396-1_chr1_DXX-MITE_reswagMde-B-P36.708-Map12;Parent=ms131396_chr1_DXX-MITE_reswagMde-B-P36.708-Map12;Target=DXX-MITE_reswagMde-B-P36.708-Map12 305 375;Identity=87.4	DXX	II	II_Unclassified	Unclassified
chr1	44417728	reswagMa4S_REPET_TEs	match_part	43496945	43496965	20	0.0	+	.	ID=mp131397-1_chr1_DXX-MITE_reswagMde-B-R150-Map4;Parent=ms131397_chr1_DXX-MITE_reswagMde-B-R150-Map4;Target=DXX-MITE_reswagMde-B-R150-Map4 187 208;Identity=89.3	DXX	II	II_Unclassified	Unclassified
chr1	44417728	reswagMa4S_REPET_TEs	match_part	43609022	43609033	11	0.0	-	.	ID=mp131398-1_chr1_DXX-MITE_reswagMde-B-R442-Map8;Parent=ms131398_chr1_DXX-MITE_reswagMde-B-R442-Map8;Target=DXX-MITE_reswagMde-B-R442-Map8 644 656;Identity=84.8	DXX	II	II_Unclassified	Unclassified
chr1	44417728	reswagMa4S_REPET_TEs	match_part	43612486	43612495	9	0.0	-	.	ID=mp131398-2_chr1_DXX-MITE_reswagMde-B-R442-Map8;Parent=ms131398_chr1_DXX-MITE_reswagMde-B-R442-Map8;Target=DXX-MITE_reswagMde-B-R442-Map8 131 140;Identity=83.7	DXX	II	II_Unclassified	Unclassified
chr1	44417728	reswagMa4S_REPET_TEs	match_part	43612496	43612660	164	0.0	+	.	ID=mp131399-1_chr1_DXX-MITE_reswagMde-B-R442-Map8;Parent=ms131399_chr1_DXX-MITE_reswagMde-B-R442-Map8;Target=DXX-MITE_reswagMde-B-R442-Map8 17 173;Identity=91.4	DXX	II	II_Unclassified	Unclassified
chr1	44417728	reswagMa4S_REPET_TEs	match_part	43616130	43616341	211	0.0	+	.	ID=mp131399-2_chr1_DXX-MITE_reswagMde-B-R442-Map8;Parent=ms131399_chr1_DXX-MITE_reswagMde-B-R442-Map8;Target=DXX-MITE_reswagMde-B-R442-Map8 464 662;Identity=82.5	DXX	II	II_Unclassified	Unclassified
chr1	44417728	reswagMa4S_REPET_TEs	match_part	43496238	43496268	30	0.0	-	.	ID=mp131400-1_chr1_DXX-MITE_reswagMde-B-R5475-Map5;Parent=ms131400_chr1_DXX-MITE_reswagMde-B-R5475-Map5;Target=DXX-MITE_reswagMde-B-R5475-Map5 44 74;Identity=87.1	DXX	II	II_Unclassified	Unclassified
chr1	44417728	reswagMa4S_REPET_TEs	match_part	43593628	43593679	51	0.0	+	.	ID=mp131401-1_chr1_noCat_reswagMde-B-R2255-Map12;Parent=ms131401_chr1_noCat_reswagMde-B-R2255-Map12;Target=noCat_reswagMde-B-R2255-Map12 675 724;Identity=84.8	noCat	noCat	noCat	noCat
chr1	44417728	reswagMa4S_REPET_TEs	match_part	43495500	43495589	89	0.0	-	.	ID=mp131402-1_chr1_RIX-incomp_reswagMde-B-R897-Map6;Parent=ms131402_chr1_RIX-incomp_reswagMde-B-R897-Map6;Target=RIX-incomp_reswagMde-B-R897-Map6 828 919;Identity=81.7	RIX	I	LINE	Unclassified
chr1	44417728	reswagMa4S_REPET_TEs	match_part	43557852	43557956	104	0.0	+	.	ID=mp131403-1_chr1_RIX-incomp_reswagMde-B-R897-Map6;Parent=ms131403_chr1_RIX-incomp_reswagMde-B-R897-Map6;Target=RIX-incomp_reswagMde-B-R897-Map6 859 950;Identity=77.2	RIX	I	LINE	Unclassified
chr1	44417728	reswagMa4S_REPET_TEs	match_part	43557997	43558132	135	0.0	+	.	ID=mp131403-2_chr1_RIX-incomp_reswagMde-B-R897-Map6;Parent=ms131403_chr1_RIX-incomp_reswagMde-B-R897-Map6;Target=RIX-incomp_reswagMde-B-R897-Map6 986 1104;Identity=77.2	RIX	I	LINE	Unclassified
chr1	44417728	reswagMa4S_REPET_TEs	match_part	43493315	43493934	619	0.0	+	.	ID=mp131405-1_chr1_RLX-incomp_reswagMde-B-G674-Map20;Parent=ms131405_chr1_RLX-incomp_reswagMde-B-G674-Map20;Target=RLX-incomp_reswagMde-B-G674-Map20 356 979;Identity=86.9	RLX	I	LTR	Unclassified
chr1	44417728	reswagMa4S_REPET_TEs	match_part	43539366	43539515	149	0.0	-	.	ID=mp131407-1_chr1_RLX-incomp_reswagMde-B-R3841-Map3_reversed;Parent=ms131407_chr1_RLX-incomp_reswagMde-B-R3841-Map3_reversed;Target=RLX-incomp_reswagMde-B-R3841-Map3_reversed 1047 1183;Identity=79.5	RLX	I	LTR	Unclassified
chr1	44417728	reswagMa4S_REPET_TEs	match_part	43627788	43628174	386	0.0	+	.	ID=mp131408-1_chr1_RLX-incomp_reswagMde-B-R7051-Map5_reversed;Parent=ms131408_chr1_RLX-incomp_reswagMde-B-R7051-Map5_reversed;Target=RLX-incomp_reswagMde-B-R7051-Map5_reversed 1000 1358;Identity=83.4	RLX	I	LTR	Unclassified
chr1	44417728	reswagMa4S_REPET_TEs	match_part	43590189	43590247	58	0.0	-	.	ID=mp131411-1_chr1_DTX-comp_reswagMde-B-R940-Map20_reversed;Parent=ms131411_chr1_DTX-comp_reswagMde-B-R940-Map20_reversed;Target=DTX-comp_reswagMde-B-R940-Map20_reversed 3834 3890;Identity=78.6	DTX	II	TIR	Unclassified
chr1	44417728	reswagMa4S_REPET_TEs	match_part	43599049	43599107	58	0.0	-	.	ID=mp131412-1_chr1_DTX-comp_reswagMde-B-R940-Map20_reversed;Parent=ms131412_chr1_DTX-comp_reswagMde-B-R940-Map20_reversed;Target=DTX-comp_reswagMde-B-R940-Map20_reversed 3834 3890;Identity=82.1	DTX	II	TIR	Unclassified
chr1	44417728	reswagMa4S_REPET_TEs	match_part	43606198	43606521	323	0.0	+	.	ID=mp131413-1_chr1_DTX-incomp_reswagMde-B-P638.249-Map5_reversed;Parent=ms131413_chr1_DTX-incomp_reswagMde-B-P638.249-Map5_reversed;Target=DTX-incomp_reswagMde-B-P638.249-Map5_reversed 262 562;Identity=73.0	DTX	II	TIR	Unclassified
chr1	44417728	reswagMa4S_REPET_TEs	match_part	43672055	43672087	32	0.0	+	.	ID=mp131414-1_chr1_DTX-incomp_reswagMde-B-P699.193-Map3;Parent=ms131414_chr1_DTX-incomp_reswagMde-B-P699.193-Map3;Target=DTX-incomp_reswagMde-B-P699.193-Map3 745 778;Identity=80.9	DTX	II	TIR	Unclassified
chr1	44417728	reswagMa4S_REPET_TEs	match_part	43597386	43597452	66	0.0	+	.	ID=mp131415-1_chr1_DTX-incomp_reswagMde-B-R1283-Map6;Parent=ms131415_chr1_DTX-incomp_reswagMde-B-R1283-Map6;Target=DTX-incomp_reswagMde-B-R1283-Map6 113 179;Identity=83.6	DTX	II	TIR	Unclassified
chr1	44417728	reswagMa4S_REPET_TEs	match_part	43539635	43539701	66	0.0	-	.	ID=mp131419-1_chr1_DTX-incomp_reswagMde-B-R2043-Map8;Parent=ms131419_chr1_DTX-incomp_reswagMde-B-R2043-Map8;Target=DTX-incomp_reswagMde-B-R2043-Map8 1213 1285	DTX	II	TIR	Unclassified
chr1	44417728	reswagMa4S_REPET_TEs	match_part	43539712	43539841	129	0.0	+	.	ID=mp131421-1_chr1_DTX-incomp_reswagMde-B-R2411-Map8;Parent=ms131421_chr1_DTX-incomp_reswagMde-B-R2411-Map8;Target=DTX-incomp_reswagMde-B-R2411-Map8 755 883;Identity=71.3	DTX	II	TIR	Unclassified
chr1	44417728	reswagMa4S_REPET_TEs	match_part	43661508	43661684	176	0.0	-	.	ID=mp131422-1_chr1_DTX-incomp_reswagMde-B-R2411-Map8;Parent=ms131422_chr1_DTX-incomp_reswagMde-B-R2411-Map8;Target=DTX-incomp_reswagMde-B-R2411-Map8 625 840;Identity=81.4	DTX	II	TIR	Unclassified
chr1	44417728	reswagMa4S_REPET_TEs	match_part	43671761	43672085	324	0.0	-	.	ID=mp131423-1_chr1_DTX-incomp_reswagMde-B-R4555-Map7;Parent=ms131423_chr1_DTX-incomp_reswagMde-B-R4555-Map7;Target=DTX-incomp_reswagMde-B-R4555-Map7 7 379;Identity=78.1	DTX	II	TIR	Unclassified
chr1	44417728	reswagMa4S_REPET_TEs	match_part	43578475	43579380	905	0.0	+	.	ID=mp131426-1_chr1_RLX-incomp_reswagMde-B-R2997-Map7;Parent=ms131426_chr1_RLX-incomp_reswagMde-B-R2997-Map7;Target=RLX-incomp_reswagMde-B-R2997-Map7 454 1403;Identity=80.5	RLX	I	LTR	Unclassified
chr1	44417728	reswagMa4S_REPET_TEs	match_part	43570518	43570656	138	0.0	+	.	ID=mp131427-1_chr1_DTX-incomp_reswagMde-B-G4204-Map3_reversed;Parent=ms131427_chr1_DTX-incomp_reswagMde-B-G4204-Map3_reversed;Target=DTX-incomp_reswagMde-B-G4204-Map3_reversed 1 139;Identity=78.6	DTX	II	TIR	Unclassified
chr1	44417728	reswagMa4S_REPET_TEs	match_part	43572362	43572510	148	0.0	-	.	ID=mp131428-1_chr1_DTX-incomp_reswagMde-B-G4204-Map3_reversed;Parent=ms131428_chr1_DTX-incomp_reswagMde-B-G4204-Map3_reversed;Target=DTX-incomp_reswagMde-B-G4204-Map3_reversed 5 165;Identity=75.0	DTX	II	TIR	Unclassified
chr1	44417728	reswagMa4S_REPET_TEs	match_part	43487292	43487388	96	0.0	+	.	ID=mp131429-1_chr1_DTX-incomp_reswagMde-B-G4272-Map4;Parent=ms131429_chr1_DTX-incomp_reswagMde-B-G4272-Map4;Target=DTX-incomp_reswagMde-B-G4272-Map4 449 562;Identity=79.2	DTX	II	TIR	Unclassified
chr1	44417728	reswagMa4S_REPET_TEs	match_part	43580263	43580353	90	0.0	+	.	ID=mp131430-1_chr1_DTX-incomp_reswagMde-B-G4272-Map4;Parent=ms131430_chr1_DTX-incomp_reswagMde-B-G4272-Map4;Target=DTX-incomp_reswagMde-B-G4272-Map4 1835 1937;Identity=82.2	DTX	II	TIR	Unclassified
chr1	44417728	reswagMa4S_REPET_TEs	match_part	43581004	43581094	90	0.0	+	.	ID=mp131431-1_chr1_DTX-incomp_reswagMde-B-G4272-Map4;Parent=ms131431_chr1_DTX-incomp_reswagMde-B-G4272-Map4;Target=DTX-incomp_reswagMde-B-G4272-Map4 1835 1937;Identity=84.5	DTX	II	TIR	Unclassified
chr1	44417728	reswagMa4S_REPET_TEs	match_part	43581695	43581785	90	0.0	+	.	ID=mp131433-1_chr1_DTX-incomp_reswagMde-B-G4272-Map4;Parent=ms131433_chr1_DTX-incomp_reswagMde-B-G4272-Map4;Target=DTX-incomp_reswagMde-B-G4272-Map4 1835 1937;Identity=82.2	DTX	II	TIR	Unclassified
chr1	44417728	reswagMa4S_REPET_TEs	match_part	43619676	43619943	267	0.0	-	.	ID=mp131434-1_chr1_DTX-incomp_reswagMde-B-G6509-Map5;Parent=ms131434_chr1_DTX-incomp_reswagMde-B-G6509-Map5;Target=DTX-incomp_reswagMde-B-G6509-Map5 2 252;Identity=71.1	DTX	II	TIR	Unclassified
chr1	44417728	reswagMa4S_REPET_TEs	match_part	43563751	43563776	25	0.0	-	.	ID=mp131436-1_chr1_DTX-incomp_reswagMde-B-P249.566-Map4;Parent=ms131436_chr1_DTX-incomp_reswagMde-B-P249.566-Map4;Target=DTX-incomp_reswagMde-B-P249.566-Map4 268 289;Identity=85.9	DTX	II	TIR	Unclassified
chr1	44417728	reswagMa4S_REPET_TEs	match_part	43563826	43563837	11	0.0	-	.	ID=mp131436-2_chr1_DTX-incomp_reswagMde-B-P249.566-Map4;Parent=ms131436_chr1_DTX-incomp_reswagMde-B-P249.566-Map4;Target=DTX-incomp_reswagMde-B-P249.566-Map4 216 225;Identity=85.9	DTX	II	TIR	Unclassified
chr1	44417728	reswagMa4S_REPET_TEs	match_part	43541223	43541321	98	0.0	+	.	ID=mp131437-1_chr1_DTX-incomp_reswagMde-B-P342.493-Map3;Parent=ms131437_chr1_DTX-incomp_reswagMde-B-P342.493-Map3;Target=DTX-incomp_reswagMde-B-P342.493-Map3 2393 2505;Identity=76.3	DTX	II	TIR	Unclassified
chr1	44417728	reswagMa4S_REPET_TEs	match_part	43550103	43550183	80	0.0	+	.	ID=mp131438-1_chr1_DTX-incomp_reswagMde-B-P342.493-Map3;Parent=ms131438_chr1_DTX-incomp_reswagMde-B-P342.493-Map3;Target=DTX-incomp_reswagMde-B-P342.493-Map3 2446 2519;Identity=77.0	DTX	II	TIR	Unclassified
chr1	44417728	reswagMa4S_REPET_TEs	match_part	43505371	43505424	53	0.0	+	.	ID=mp131439-1_chr1_DTX-incomp_reswagMde-B-P902.741-Map3;Parent=ms131439_chr1_DTX-incomp_reswagMde-B-P902.741-Map3;Target=DTX-incomp_reswagMde-B-P902.741-Map3 14 67;Identity=79.6	DTX	II	TIR	Unclassified
chr1	44417728	reswagMa4S_REPET_TEs	match_part	43488711	43488847	136	0.0	+	.	ID=mp131440-1_chr1_DTX-incomp_reswagMde-B-R2471-Map9;Parent=ms131440_chr1_DTX-incomp_reswagMde-B-R2471-Map9;Target=DTX-incomp_reswagMde-B-R2471-Map9 375 525;Identity=82.2	DTX	II	TIR	Unclassified
chr1	44417728	reswagMa4S_REPET_TEs	match_part	43492912	43493072	160	0.0	-	.	ID=mp131441-1_chr1_DTX-incomp_reswagMde-B-R3654-Map10;Parent=ms131441_chr1_DTX-incomp_reswagMde-B-R3654-Map10;Target=DTX-incomp_reswagMde-B-R3654-Map10 1839 2013;Identity=74.5	DTX	II	TIR	Unclassified
chr1	44417728	reswagMa4S_REPET_TEs	match_part	43651788	43652033	245	0.0	+	.	ID=mp131442-1_chr1_DTX-incomp_reswagMde-B-R4670-Map13_reversed;Parent=ms131442_chr1_DTX-incomp_reswagMde-B-R4670-Map13_reversed;Target=DTX-incomp_reswagMde-B-R4670-Map13_reversed 1 229;Identity=74.0	DTX	II	TIR	Unclassified
chr1	44417728	reswagMa4S_REPET_TEs	match_part	43652013	43652438	425	0.0	+	.	ID=mp131442-2_chr1_DTX-incomp_reswagMde-B-R4670-Map13_reversed;Parent=ms131442_chr1_DTX-incomp_reswagMde-B-R4670-Map13_reversed;Target=DTX-incomp_reswagMde-B-R4670-Map13_reversed 434 860;Identity=72.7	DTX	II	TIR	Unclassified
chr1	44417728	reswagMa4S_REPET_TEs	match_part	43652406	43652522	116	0.0	+	.	ID=mp131442-3_chr1_DTX-incomp_reswagMde-B-R4670-Map13_reversed;Parent=ms131442_chr1_DTX-incomp_reswagMde-B-R4670-Map13_reversed;Target=DTX-incomp_reswagMde-B-R4670-Map13_reversed 1392 1516;Identity=76.6	DTX	II	TIR	Unclassified
chr1	44417728	reswagMa4S_REPET_TEs	match_part	43570680	43570835	155	0.0	-	.	ID=mp131443-1_chr1_DTX-incomp_reswagMde-B-R4929-Map4;Parent=ms131443_chr1_DTX-incomp_reswagMde-B-R4929-Map4;Target=DTX-incomp_reswagMde-B-R4929-Map4 959 1126;Identity=82.0	DTX	II	TIR	Unclassified
chr1	44417728	reswagMa4S_REPET_TEs	match_part	43572101	43572249	148	0.0	-	.	ID=mp131443-2_chr1_DTX-incomp_reswagMde-B-R4929-Map4;Parent=ms131443_chr1_DTX-incomp_reswagMde-B-R4929-Map4;Target=DTX-incomp_reswagMde-B-R4929-Map4 208 361;Identity=79.1	DTX	II	TIR	Unclassified
chr1	44417728	reswagMa4S_REPET_TEs	match_part	43651408	43651787	379	0.0	+	.	ID=mp131444-1_chr1_DTX-incomp_reswagMde-B-R5487-Map3_reversed;Parent=ms131444_chr1_DTX-incomp_reswagMde-B-R5487-Map3_reversed;Target=DTX-incomp_reswagMde-B-R5487-Map3_reversed 869 1257;Identity=71.2	DTX	II	TIR	Unclassified
chr1	44417728	reswagMa4S_REPET_TEs	match_part	43493981	43494200	219	0.0	-	.	ID=mp131445-1_chr1_DTX-incomp_reswagMde-B-R6651-Map3;Parent=ms131445_chr1_DTX-incomp_reswagMde-B-R6651-Map3;Target=DTX-incomp_reswagMde-B-R6651-Map3 3253 3451;Identity=77.1	DTX	II	TIR	Unclassified
chr1	44417728	reswagMa4S_REPET_TEs	match_part	43512313	43512353	40	0.0	-	.	ID=mp131446-1_chr1_DTX-incomp_reswagMde-B-R6651-Map3;Parent=ms131446_chr1_DTX-incomp_reswagMde-B-R6651-Map3;Target=DTX-incomp_reswagMde-B-R6651-Map3 3396 3437;Identity=81.0	DTX	II	TIR	Unclassified

